Workbook

Sheet Importrange
A1: =IFERROR(__xludf.DUMMYFUNCTION("importrange(""https://docs.google.com/spreadsheets/d/1eo-EGIGL2ZuDJLGtOqMpijjPglTyJJR_lkYk4Gthvhs/edit?gid=684256595#gid=684256595"",""ELEVES COMPLETE!A:ZZ"")"),"Nom complet") -> Nom complet | B1: =IFERROR(__xludf.DUMMYFUNCTION("""COMPUTED_VALUE"""),"Nom") -> Nom | C1: =IFERROR(__xludf.DUMMYFUNCTION("""COMPUTED_VALUE"""),"Prénom") -> Prénom | D1: =IFERROR(__xludf.DUMMYFUNCTION("""COMPUTED_VALUE"""),"Code identifiant") -> Code identifiant | E1: =IFERROR(__xludf.DUMMYFUNCTION("""COMPUTED_VALUE"""),"Date de naissance") -> Date de naissance | F1: =IFERROR(__xludf.DUMMYFUNCTION("""COMPUTED_VALUE"""),"Classe") -> Classe | G1: =IFERROR(__xludf.DUMMYFUNCTION("""COMPUTED_VALUE"""),"Niveau") -> Niveau | H1: =IFERROR(__xludf.DUMMYFUNCTION("""COMPUTED_VALUE"""),"Branche scolaire") -> Branche scolaire | I1: =IFERROR(__xludf.DUMMYFUNCTION("""COMPUTED_VALUE"""),"LVA") -> LVA | J1: =IFERROR(__xludf.DUMMYFUNCTION("""COMPUTED_VALUE"""),"LVB") -> LVB | K1: =IFERROR(__xludf.DUMMYFUNCTION("""COMPUTED_VALUE"""),"Enseignements optionnels") -> Enseignements optionnels | L1: =IFERROR(__xludf.DUMMYFUNCTION("""COMPUTED_VALUE"""),"Option Facultative") -> Option Facultative | M1: =IFERROR(__xludf.DUMMYFUNCTION("""COMPUTED_VALUE"""),"Code Enseignements de spécialité") -> Code Enseignements de spécialité | N1: =IFERROR(__xludf.DUMMYFUNCTION("""COMPUTED_VALUE"""),"Sexe") -> Sexe | O1: =IFERROR(__xludf.DUMMYFUNCTION("""COMPUTED_VALUE"""),"Commune de naissance") -> Commune de naissance | P1: =IFERROR(__xludf.DUMMYFUNCTION("""COMPUTED_VALUE"""),"Nationalité 1") -> Nationalité 1 | Q1: =IFERROR(__xludf.DUMMYFUNCTION("""COMPUTED_VALUE"""),"Nationalité 2") -> Nationalité 2 | R1: =IFERROR(__xludf.DUMMYFUNCTION("""COMPUTED_VALUE"""),"Adresse e-mail") -> Adresse e-mail | S1: =IFERROR(__xludf.DUMMYFUNCTION("""COMPUTED_VALUE"""),"Téléphone mobile") -> Téléphone mobile | T1: =IFERROR(__xludf.DUMMYFUNCTION("""COMPUTED_VALUE"""),"Nom complet R1") -> Nom complet R1 | U1: =IFERROR(__xludf.DUMMYFUNCTION("""COMPUTED_VALUE"""),"Nom complet R2") -> Nom complet R2 | V1: =IFERROR(__xludf.DUMMYFUNCTION("""COMPUTED_VALUE"""),"Adresse e-mail R1") -> Adresse e-mail R1 | W1: =IFERROR(__xludf.DUMMYFUNCTION("""COMPUTED_VALUE"""),"Adresse e-mail R2") -> Adresse e-mail R2 | X1: =IFERROR(__xludf.DUMMYFUNCTION("""COMPUTED_VALUE"""),"Téléphone mobile R1") -> Téléphone mobile R1 | Y1: =IFERROR(__xludf.DUMMYFUNCTION("""COMPUTED_VALUE"""),"Téléphone mobile R2") -> Téléphone mobile R2 | Z1: =IFERROR(__xludf.DUMMYFUNCTION("""COMPUTED_VALUE"""),"Téléphone Whatsapp R1") -> Téléphone Whatsapp R1 | AA1: =IFERROR(__xludf.DUMMYFUNCTION("""COMPUTED_VALUE"""),"Téléphone Whatsapp R2") -> Téléphone Whatsapp R2 | AB1: =IFERROR(__xludf.DUMMYFUNCTION("""COMPUTED_VALUE"""),"Date de naissance R1") -> Date de naissance R1 | AC1: =IFERROR(__xludf.DUMMYFUNCTION("""COMPUTED_VALUE"""),"Date de naissance R2") -> Date de naissance R2 | AD1: =IFERROR(__xludf.DUMMYFUNCTION("""COMPUTED_VALUE"""),"Relation avec l'enfant R1") -> Relation avec l'enfant R1 | AE1: =IFERROR(__xludf.DUMMYFUNCTION("""COMPUTED_VALUE"""),"Relation avec l'enfant R2") -> Relation avec l'enfant R2 | AF1: =IFERROR(__xludf.DUMMYFUNCTION("""COMPUTED_VALUE"""),"Nationalité 1 R1") -> Nationalité 1 R1 | AG1: =IFERROR(__xludf.DUMMYFUNCTION("""COMPUTED_VALUE"""),"Nationalité 1 R2") -> Nationalité 1 R2 | AH1: =IFERROR(__xludf.DUMMYFUNCTION("""COMPUTED_VALUE"""),"Nationalité 2 R1") -> Nationalité 2 R1 | AI1: =IFERROR(__xludf.DUMMYFUNCTION("""COMPUTED_VALUE"""),"Nationalité 2 R2") -> Nationalité 2 R2 | AJ1: =IFERROR(__xludf.DUMMYFUNCTION("""COMPUTED_VALUE"""),"Code compte") -> Code compte | AK1: =IFERROR(__xludf.DUMMYFUNCTION("""COMPUTED_VALUE"""),"Situation familiale R1") -> Situation familiale R1 | AL1: =IFERROR(__xludf.DUMMYFUNCTION("""COMPUTED_VALUE"""),"Situation familiale R2") -> Situation familiale R2 | AM1: =IFERROR(__xludf.DUMMYFUNCTION("""COMPUTED_VALUE"""),"Code compte") -> Code compte
A2: =IFERROR(__xludf.DUMMYFUNCTION("""COMPUTED_VALUE"""),"ABOUDOU AMOUSSA Inès") -> ABOUDOU AMOUSSA Inès | B2: =IFERROR(__xludf.DUMMYFUNCTION("""COMPUTED_VALUE"""),"ABOUDOU AMOUSSA") -> ABOUDOU AMOUSSA | C2: =IFERROR(__xludf.DUMMYFUNCTION("""COMPUTED_VALUE"""),"Inès") -> Inès | D2: =IFERROR(__xludf.DUMMYFUNCTION("""COMPUTED_VALUE"""),"1112E1") -> 1112E1 | E2: =IFERROR(__xludf.DUMMYFUNCTION("""COMPUTED_VALUE"""),39707) -> 39707 | F2: =IFERROR(__xludf.DUMMYFUNCTION("""COMPUTED_VALUE"""),"TERMINALE2") -> TERMINALE2 | G2: =IFERROR(__xludf.DUMMYFUNCTION("""COMPUTED_VALUE"""),"Terminale") -> Terminale | H2: =IFERROR(__xludf.DUMMYFUNCTION("""COMPUTED_VALUE"""),"Lycée Français Jacques Prévert de Saly » Lycée » Terminale » Générale") -> Lycée Français Jacques Prévert de Saly » Lycée » Terminale » Générale | I2: =IFERROR(__xludf.DUMMYFUNCTION("""COMPUTED_VALUE"""),"LVA Anglais") -> LVA Anglais | J2: =IFERROR(__xludf.DUMMYFUNCTION("""COMPUTED_VALUE"""),"LVB Espagnol") -> LVB Espagnol | M2: =IFERROR(__xludf.DUMMYFUNCTION("""COMPUTED_VALUE"""),"SPE HGGSP, SPE SES") -> SPE HGGSP, SPE SES | N2: =IFERROR(__xludf.DUMMYFUNCTION("""COMPUTED_VALUE"""),"Fille") -> Fille | P2: =IFERROR(__xludf.DUMMYFUNCTION("""COMPUTED_VALUE"""),"FRANCE") -> FRANCE | R2: =IFERROR(__xludf.DUMMYFUNCTION("""COMPUTED_VALUE"""),"ines.aboudouamoussa@lfjpsaly.org") -> ines.aboudouamoussa@lfjpsaly.org | T2: =IFERROR(__xludf.DUMMYFUNCTION("""COMPUTED_VALUE"""),"ABOUDOU AMOUSSA Hakim Ichola") -> ABOUDOU AMOUSSA Hakim Ichola | U2: =IFERROR(__xludf.DUMMYFUNCTION("""COMPUTED_VALUE"""),"ABOUDOU AMOUSSA Mame Sellé") -> ABOUDOU AMOUSSA Mame Sellé | V2: =IFERROR(__xludf.DUMMYFUNCTION("""COMPUTED_VALUE"""),"hiaboudou@yahoo.fr") -> hiaboudou@yahoo.fr | W2: =IFERROR(__xludf.DUMMYFUNCTION("""COMPUTED_VALUE"""),"msmbodj@yahoo.fr") -> msmbodj@yahoo.fr | X2: =IFERROR(__xludf.DUMMYFUNCTION("""COMPUTED_VALUE"""),"+221 78 120 62 11") -> +221 78 120 62 11 | Y2: =IFERROR(__xludf.DUMMYFUNCTION("""COMPUTED_VALUE"""),"+221 77 662 25 23") -> +221 77 662 25 23 | Z2: =IFERROR(__xludf.DUMMYFUNCTION("""COMPUTED_VALUE"""),"+33 7 78 15 64 72") -> +33 7 78 15 64 72 | AA2: =IFERROR(__xludf.DUMMYFUNCTION("""COMPUTED_VALUE"""),"+33 7 50 30 20 32") -> +33 7 50 30 20 32 | AB2: =IFERROR(__xludf.DUMMYFUNCTION("""COMPUTED_VALUE"""),25938) -> 25938 | AC2: =IFERROR(__xludf.DUMMYFUNCTION("""COMPUTED_VALUE"""),31470) -> 31470 | AD2: =IFERROR(__xludf.DUMMYFUNCTION("""COMPUTED_VALUE"""),"PERE") -> PERE | AE2: =IFERROR(__xludf.DUMMYFUNCTION("""COMPUTED_VALUE"""),"MERE") -> MERE | AF2: =IFERROR(__xludf.DUMMYFUNCTION("""COMPUTED_VALUE"""),"FRANCE") -> FRANCE | AG2: =IFERROR(__xludf.DUMMYFUNCTION("""COMPUTED_VALUE"""),"FRANCE") -> FRANCE | AI2: =IFERROR(__xludf.DUMMYFUNCTION("""COMPUTED_VALUE"""),"SENEGAL") -> SENEGAL | AJ2: =IFERROR(__xludf.DUMMYFUNCTION("""COMPUTED_VALUE"""),"F1112") -> F1112 | AK2: =IFERROR(__xludf.DUMMYFUNCTION("""COMPUTED_VALUE"""),"Marié(e)") -> Marié(e) | AL2: =IFERROR(__xludf.DUMMYFUNCTION("""COMPUTED_VALUE"""),"Marié(e)") -> Marié(e) | AM2: =IFERROR(__xludf.DUMMYFUNCTION("""COMPUTED_VALUE"""),"F1112") -> F1112
A3: =IFERROR(__xludf.DUMMYFUNCTION("""COMPUTED_VALUE"""),"ABOUDOU-SARR Eiden") -> ABOUDOU-SARR Eiden | B3: =IFERROR(__xludf.DUMMYFUNCTION("""COMPUTED_VALUE"""),"ABOUDOU-SARR") -> ABOUDOU-SARR | C3: =IFERROR(__xludf.DUMMYFUNCTION("""COMPUTED_VALUE"""),"Eiden") -> Eiden | D3: =IFERROR(__xludf.DUMMYFUNCTION("""COMPUTED_VALUE"""),"1626E1") -> 1626E1 | E3: =IFERROR(__xludf.DUMMYFUNCTION("""COMPUTED_VALUE"""),41270) -> 41270 | F3: =IFERROR(__xludf.DUMMYFUNCTION("""COMPUTED_VALUE"""),"4EME1") -> 4EME1 | G3: =IFERROR(__xludf.DUMMYFUNCTION("""COMPUTED_VALUE"""),"4ème") -> 4ème | H3: =IFERROR(__xludf.DUMMYFUNCTION("""COMPUTED_VALUE"""),"Lycée Français Jacques Prévert de Saly » Collège » 4ème » Générale") -> Lycée Français Jacques Prévert de Saly » Collège » 4ème » Générale | I3: =IFERROR(__xludf.DUMMYFUNCTION("""COMPUTED_VALUE"""),"LVA Anglais") -> LVA Anglais | J3: =IFERROR(__xludf.DUMMYFUNCTION("""COMPUTED_VALUE"""),"LVB Espagnol") -> LVB Espagnol | N3: =IFERROR(__xludf.DUMMYFUNCTION("""COMPUTED_VALUE"""),"Fille") -> Fille | P3: =IFERROR(__xludf.DUMMYFUNCTION("""COMPUTED_VALUE"""),"FRANCE") -> FRANCE | R3: =IFERROR(__xludf.DUMMYFUNCTION("""COMPUTED_VALUE"""),"eiden.aboudou-sarr@lfjpsaly.org") -> eiden.aboudou-sarr@lfjpsaly.org | S3: =IFERROR(__xludf.DUMMYFUNCTION("""COMPUTED_VALUE"""),"+221") -> +221 | T3: =IFERROR(__xludf.DUMMYFUNCTION("""COMPUTED_VALUE"""),"SARR-MESSAOUDI Licka") -> SARR-MESSAOUDI Licka | U3: =IFERROR(__xludf.DUMMYFUNCTION("""COMPUTED_VALUE"""),"ABOUDOU Karim") -> ABOUDOU Karim | V3: =IFERROR(__xludf.DUMMYFUNCTION("""COMPUTED_VALUE"""),"yacine.licka@gmail.com") -> yacine.licka@gmail.com | W3: =IFERROR(__xludf.DUMMYFUNCTION("""COMPUTED_VALUE"""),"kaboudou@gmail.com") -> kaboudou@gmail.com | X3: =IFERROR(__xludf.DUMMYFUNCTION("""COMPUTED_VALUE"""),"+221 78 912 91 27") -> +221 78 912 91 27 | Y3: =IFERROR(__xludf.DUMMYFUNCTION("""COMPUTED_VALUE"""),"+33 6 83 79 93 69") -> +33 6 83 79 93 69 | Z3: =IFERROR(__xludf.DUMMYFUNCTION("""COMPUTED_VALUE"""),"+221 77 593 91 07") -> +221 77 593 91 07 | AB3: =IFERROR(__xludf.DUMMYFUNCTION("""COMPUTED_VALUE"""),30479) -> 30479 | AC3: =IFERROR(__xludf.DUMMYFUNCTION("""COMPUTED_VALUE"""),29782) -> 29782 | AD3: =IFERROR(__xludf.DUMMYFUNCTION("""COMPUTED_VALUE"""),"MERE") -> MERE | AE3: =IFERROR(__xludf.DUMMYFUNCTION("""COMPUTED_VALUE"""),"PERE") -> PERE | AF3: =IFERROR(__xludf.DUMMYFUNCTION("""COMPUTED_VALUE"""),"FRANCE") -> FRANCE | AG3: =IFERROR(__xludf.DUMMYFUNCTION("""COMPUTED_VALUE"""),"FRANCE") -> FRANCE | AJ3: =IFERROR(__xludf.DUMMYFUNCTION("""COMPUTED_VALUE"""),"F1626") -> F1626 | AK3: =IFERROR(__xludf.DUMMYFUNCTION("""COMPUTED_VALUE"""),"Marié(e)") -> Marié(e) | AL3: =IFERROR(__xludf.DUMMYFUNCTION("""COMPUTED_VALUE"""),"Célibataire") -> Célibataire | AM3: =IFERROR(__xludf.DUMMYFUNCTION("""COMPUTED_VALUE"""),"F1626") -> F1626
A4: =IFERROR(__xludf.DUMMYFUNCTION("""COMPUTED_VALUE"""),"ACETO Awa") -> ACETO Awa | B4: =IFERROR(__xludf.DUMMYFUNCTION("""COMPUTED_VALUE"""),"ACETO") -> ACETO | C4: =IFERROR(__xludf.DUMMYFUNCTION("""COMPUTED_VALUE"""),"Awa") -> Awa | D4: =IFERROR(__xludf.DUMMYFUNCTION("""COMPUTED_VALUE"""),"11654S2208") -> 11654S2208 | E4: =IFERROR(__xludf.DUMMYFUNCTION("""COMPUTED_VALUE"""),39797) -> 39797 | F4: =IFERROR(__xludf.DUMMYFUNCTION("""COMPUTED_VALUE"""),"TERMINALE2") -> TERMINALE2 | G4: =IFERROR(__xludf.DUMMYFUNCTION("""COMPUTED_VALUE"""),"Terminale") -> Terminale | H4: =IFERROR(__xludf.DUMMYFUNCTION("""COMPUTED_VALUE"""),"Lycée Français Jacques Prévert de Saly » Lycée » Terminale » Générale") -> Lycée Français Jacques Prévert de Saly » Lycée » Terminale » Générale | I4: =IFERROR(__xludf.DUMMYFUNCTION("""COMPUTED_VALUE"""),"LVA Anglais") -> LVA Anglais | J4: =IFERROR(__xludf.DUMMYFUNCTION("""COMPUTED_VALUE"""),"LVB Espagnol") -> LVB Espagnol | M4: =IFERROR(__xludf.DUMMYFUNCTION("""COMPUTED_VALUE"""),"SPE HGGSP, SPE SES") -> SPE HGGSP, SPE SES | N4: =IFERROR(__xludf.DUMMYFUNCTION("""COMPUTED_VALUE"""),"Fille") -> Fille | P4: =IFERROR(__xludf.DUMMYFUNCTION("""COMPUTED_VALUE"""),"FRANCE") -> FRANCE | Q4: =IFERROR(__xludf.DUMMYFUNCTION("""COMPUTED_VALUE"""),"SENEGAL") -> SENEGAL | R4: =IFERROR(__xludf.DUMMYFUNCTION("""COMPUTED_VALUE"""),"awa.aceto@lfjpsaly.org") -> awa.aceto@lfjpsaly.org | T4: =IFERROR(__xludf.DUMMYFUNCTION("""COMPUTED_VALUE"""),"ACETO Héléne") -> ACETO Héléne | U4: =IFERROR(__xludf.DUMMYFUNCTION("""COMPUTED_VALUE"""),"ACETO Pascal") -> ACETO Pascal | V4: =IFERROR(__xludf.DUMMYFUNCTION("""COMPUTED_VALUE"""),"h.aceto@yahoo.fr") -> h.aceto@yahoo.fr | W4: =IFERROR(__xludf.DUMMYFUNCTION("""COMPUTED_VALUE"""),"h.aceto@yahoo.fr") -> h.aceto@yahoo.fr | X4: =IFERROR(__xludf.DUMMYFUNCTION("""COMPUTED_VALUE"""),"+33 6 09 88 38 56") -> +33 6 09 88 38 56 | Y4: =IFERROR(__xludf.DUMMYFUNCTION("""COMPUTED_VALUE"""),"+33 6 09 88 38 56") -> +33 6 09 88 38 56 | Z4: =IFERROR(__xludf.DUMMYFUNCTION("""COMPUTED_VALUE"""),"+33 6 09 88 38 56") -> +33 6 09 88 38 56 | AA4: =IFERROR(__xludf.DUMMYFUNCTION("""COMPUTED_VALUE"""),"+33 6 09 88 38 56") -> +33 6 09 88 38 56 | AB4: =IFERROR(__xludf.DUMMYFUNCTION("""COMPUTED_VALUE"""),16677) -> 16677 | AC4: =IFERROR(__xludf.DUMMYFUNCTION("""COMPUTED_VALUE"""),20505) -> 20505 | AD4: =IFERROR(__xludf.DUMMYFUNCTION("""COMPUTED_VALUE"""),"Non spécifiée") -> Non spécifiée | AE4: =IFERROR(__xludf.DUMMYFUNCTION("""COMPUTED_VALUE"""),"Non spécifiée") -> Non spécifiée | AF4: =IFERROR(__xludf.DUMMYFUNCTION("""COMPUTED_VALUE"""),"FRANCE") -> FRANCE | AG4: =IFERROR(__xludf.DUMMYFUNCTION("""COMPUTED_VALUE"""),"FRANCE") -> FRANCE | AJ4: =IFERROR(__xludf.DUMMYFUNCTION("""COMPUTED_VALUE"""),"U11654") -> U11654 | AK4: =IFERROR(__xludf.DUMMYFUNCTION("""COMPUTED_VALUE"""),"Marié(e)") -> Marié(e) | AL4: =IFERROR(__xludf.DUMMYFUNCTION("""COMPUTED_VALUE"""),"Marié(e)") -> Marié(e) | AM4: =IFERROR(__xludf.DUMMYFUNCTION("""COMPUTED_VALUE"""),"U11654") -> U11654
A5: =IFERROR(__xludf.DUMMYFUNCTION("""COMPUTED_VALUE"""),"ACHCAR Gérard") -> ACHCAR Gérard | B5: =IFERROR(__xludf.DUMMYFUNCTION("""COMPUTED_VALUE"""),"ACHCAR") -> ACHCAR | C5: =IFERROR(__xludf.DUMMYFUNCTION("""COMPUTED_VALUE"""),"Gérard") -> Gérard | D5: =IFERROR(__xludf.DUMMYFUNCTION("""COMPUTED_VALUE"""),"11742S2436") -> 11742S2436 | E5: =IFERROR(__xludf.DUMMYFUNCTION("""COMPUTED_VALUE"""),43808) -> 43808 | F5: =IFERROR(__xludf.DUMMYFUNCTION("""COMPUTED_VALUE"""),"CP") -> CP | G5: =IFERROR(__xludf.DUMMYFUNCTION("""COMPUTED_VALUE"""),"CP") -> CP | H5: =IFERROR(__xludf.DUMMYFUNCTION("""COMPUTED_VALUE"""),"Lycée Français Jacques Prévert de Saly » Elémentaire » CP » Générale") -> Lycée Français Jacques Prévert de Saly » Elémentaire » CP » Générale | N5: =IFERROR(__xludf.DUMMYFUNCTION("""COMPUTED_VALUE"""),"Garçon") -> Garçon | P5: =IFERROR(__xludf.DUMMYFUNCTION("""COMPUTED_VALUE"""),"FRANCE") -> FRANCE | S5: =IFERROR(__xludf.DUMMYFUNCTION("""COMPUTED_VALUE"""),"+221") -> +221 | T5: =IFERROR(__xludf.DUMMYFUNCTION("""COMPUTED_VALUE"""),"ACHCAR Elsa") -> ACHCAR Elsa | U5: =IFERROR(__xludf.DUMMYFUNCTION("""COMPUTED_VALUE"""),"ACHCAR Fabrice") -> ACHCAR Fabrice | V5: =IFERROR(__xludf.DUMMYFUNCTION("""COMPUTED_VALUE"""),"elsakamouh@gmail.com") -> elsakamouh@gmail.com | W5: =IFERROR(__xludf.DUMMYFUNCTION("""COMPUTED_VALUE"""),"achcarfabrice@hotmail.com") -> achcarfabrice@hotmail.com | X5: =IFERROR(__xludf.DUMMYFUNCTION("""COMPUTED_VALUE"""),"+221 71 009 85 39") -> +221 71 009 85 39 | Y5: =IFERROR(__xludf.DUMMYFUNCTION("""COMPUTED_VALUE"""),"+221 78 918 80 60") -> +221 78 918 80 60 | Z5: =IFERROR(__xludf.DUMMYFUNCTION("""COMPUTED_VALUE"""),"+33 6 23 29 02 74") -> +33 6 23 29 02 74 | AA5: =IFERROR(__xludf.DUMMYFUNCTION("""COMPUTED_VALUE"""),"+223 66 75 38 68") -> +223 66 75 38 68 | AB5: =IFERROR(__xludf.DUMMYFUNCTION("""COMPUTED_VALUE"""),33024) -> 33024 | AC5: =IFERROR(__xludf.DUMMYFUNCTION("""COMPUTED_VALUE"""),33022) -> 33022 | AD5: =IFERROR(__xludf.DUMMYFUNCTION("""COMPUTED_VALUE"""),"MERE") -> MERE | AE5: =IFERROR(__xludf.DUMMYFUNCTION("""COMPUTED_VALUE"""),"PERE") -> PERE | AF5: =IFERROR(__xludf.DUMMYFUNCTION("""COMPUTED_VALUE"""),"FRANCE") -> FRANCE | AG5: =IFERROR(__xludf.DUMMYFUNCTION("""COMPUTED_VALUE"""),"FRANCE") -> FRANCE | AJ5: =IFERROR(__xludf.DUMMYFUNCTION("""COMPUTED_VALUE"""),"U11742") -> U11742 | AK5: =IFERROR(__xludf.DUMMYFUNCTION("""COMPUTED_VALUE"""),"Marié(e)") -> Marié(e) | AL5: =IFERROR(__xludf.DUMMYFUNCTION("""COMPUTED_VALUE"""),"Marié(e)") -> Marié(e) | AM5: =IFERROR(__xludf.DUMMYFUNCTION("""COMPUTED_VALUE"""),"U11742") -> U11742
A6: =IFERROR(__xludf.DUMMYFUNCTION("""COMPUTED_VALUE"""),"AGEE Luka") -> AGEE Luka | B6: =IFERROR(__xludf.DUMMYFUNCTION("""COMPUTED_VALUE"""),"AGEE") -> AGEE | C6: =IFERROR(__xludf.DUMMYFUNCTION("""COMPUTED_VALUE"""),"Luka") -> Luka | D6: =IFERROR(__xludf.DUMMYFUNCTION("""COMPUTED_VALUE"""),"1116E1") -> 1116E1 | E6: =IFERROR(__xludf.DUMMYFUNCTION("""COMPUTED_VALUE"""),43819) -> 43819 | F6: =IFERROR(__xludf.DUMMYFUNCTION("""COMPUTED_VALUE"""),"CP") -> CP | G6: =IFERROR(__xludf.DUMMYFUNCTION("""COMPUTED_VALUE"""),"CP") -> CP | H6: =IFERROR(__xludf.DUMMYFUNCTION("""COMPUTED_VALUE"""),"Lycée Français Jacques Prévert de Saly » Elémentaire » CP » Générale") -> Lycée Français Jacques Prévert de Saly » Elémentaire » CP » Générale | N6: =IFERROR(__xludf.DUMMYFUNCTION("""COMPUTED_VALUE"""),"Garçon") -> Garçon | P6: =IFERROR(__xludf.DUMMYFUNCTION("""COMPUTED_VALUE"""),"FRANCE") -> FRANCE | Q6: =IFERROR(__xludf.DUMMYFUNCTION("""COMPUTED_VALUE"""),"ETATS-UNIS") -> ETATS-UNIS | T6: =IFERROR(__xludf.DUMMYFUNCTION("""COMPUTED_VALUE"""),"AGEE Céline") -> AGEE Céline | U6: =IFERROR(__xludf.DUMMYFUNCTION("""COMPUTED_VALUE"""),"AGEE John") -> AGEE John | V6: =IFERROR(__xludf.DUMMYFUNCTION("""COMPUTED_VALUE"""),"voyagee.fr@gmail.com") -> voyagee.fr@gmail.com | W6: =IFERROR(__xludf.DUMMYFUNCTION("""COMPUTED_VALUE"""),"john@agee.us") -> john@agee.us | X6: =IFERROR(__xludf.DUMMYFUNCTION("""COMPUTED_VALUE"""),"+221 77 690 01 41") -> +221 77 690 01 41 | Y6: =IFERROR(__xludf.DUMMYFUNCTION("""COMPUTED_VALUE"""),"77 114 76 25") -> 77 114 76 25 | Z6: =IFERROR(__xludf.DUMMYFUNCTION("""COMPUTED_VALUE"""),"+221") -> +221 | AB6: =IFERROR(__xludf.DUMMYFUNCTION("""COMPUTED_VALUE"""),33754) -> 33754 | AC6: =IFERROR(__xludf.DUMMYFUNCTION("""COMPUTED_VALUE"""),30463) -> 30463 | AD6: =IFERROR(__xludf.DUMMYFUNCTION("""COMPUTED_VALUE"""),"MERE") -> MERE | AE6: =IFERROR(__xludf.DUMMYFUNCTION("""COMPUTED_VALUE"""),"PERE") -> PERE | AF6: =IFERROR(__xludf.DUMMYFUNCTION("""COMPUTED_VALUE"""),"FRANCE") -> FRANCE | AG6: =IFERROR(__xludf.DUMMYFUNCTION("""COMPUTED_VALUE"""),"ETATS-UNIS") -> ETATS-UNIS | AH6: =IFERROR(__xludf.DUMMYFUNCTION("""COMPUTED_VALUE"""),"ETATS-UNIS") -> ETATS-UNIS | AJ6: =IFERROR(__xludf.DUMMYFUNCTION("""COMPUTED_VALUE"""),"F1116") -> F1116 | AK6: =IFERROR(__xludf.DUMMYFUNCTION("""COMPUTED_VALUE"""),"Marié(e)") -> Marié(e) | AL6: =IFERROR(__xludf.DUMMYFUNCTION("""COMPUTED_VALUE"""),"Marié(e)") -> Marié(e) | AM6: =IFERROR(__xludf.DUMMYFUNCTION("""COMPUTED_VALUE"""),"F1116") -> F1116
A7: =IFERROR(__xludf.DUMMYFUNCTION("""COMPUTED_VALUE"""),"AGUESSE Hugo") -> AGUESSE Hugo | B7: =IFERROR(__xludf.DUMMYFUNCTION("""COMPUTED_VALUE"""),"AGUESSE") -> AGUESSE | C7: =IFERROR(__xludf.DUMMYFUNCTION("""COMPUTED_VALUE"""),"Hugo") -> Hugo | D7: =IFERROR(__xludf.DUMMYFUNCTION("""COMPUTED_VALUE"""),"11899S2784") -> 11899S2784 | E7: =IFERROR(__xludf.DUMMYFUNCTION("""COMPUTED_VALUE"""),41526) -> 41526 | F7: =IFERROR(__xludf.DUMMYFUNCTION("""COMPUTED_VALUE"""),"5EME2") -> 5EME2 | G7: =IFERROR(__xludf.DUMMYFUNCTION("""COMPUTED_VALUE"""),"5ème") -> 5ème | H7: =IFERROR(__xludf.DUMMYFUNCTION("""COMPUTED_VALUE"""),"Lycée Français Jacques Prévert de Saly » Collège » 5ème » Générale") -> Lycée Français Jacques Prévert de Saly » Collège » 5ème » Générale | I7: =IFERROR(__xludf.DUMMYFUNCTION("""COMPUTED_VALUE"""),"LVA Anglais") -> LVA Anglais | J7: =IFERROR(__xludf.DUMMYFUNCTION("""COMPUTED_VALUE"""),"LVB Espagnol") -> LVB Espagnol | N7: =IFERROR(__xludf.DUMMYFUNCTION("""COMPUTED_VALUE"""),"Garçon") -> Garçon | P7: =IFERROR(__xludf.DUMMYFUNCTION("""COMPUTED_VALUE"""),"FRANCE") -> FRANCE | R7: =IFERROR(__xludf.DUMMYFUNCTION("""COMPUTED_VALUE"""),"hugo.aguesse@lfjpsaly.org") -> hugo.aguesse@lfjpsaly.org | S7: =IFERROR(__xludf.DUMMYFUNCTION("""COMPUTED_VALUE"""),"+221") -> +221 | T7: =IFERROR(__xludf.DUMMYFUNCTION("""COMPUTED_VALUE"""),"AGUESSE Ariane") -> AGUESSE Ariane | U7: =IFERROR(__xludf.DUMMYFUNCTION("""COMPUTED_VALUE"""),"AGUESSE Nicolas") -> AGUESSE Nicolas | V7: =IFERROR(__xludf.DUMMYFUNCTION("""COMPUTED_VALUE"""),"arianeve@hotmail.fr") -> arianeve@hotmail.fr | W7: =IFERROR(__xludf.DUMMYFUNCTION("""COMPUTED_VALUE"""),"naguesse@hotmail.fr") -> naguesse@hotmail.fr | X7: =IFERROR(__xludf.DUMMYFUNCTION("""COMPUTED_VALUE"""),"+221 78 384 53 22") -> +221 78 384 53 22 | Y7: =IFERROR(__xludf.DUMMYFUNCTION("""COMPUTED_VALUE"""),"+594 694 35 10 33") -> +594 694 35 10 33 | Z7: =IFERROR(__xludf.DUMMYFUNCTION("""COMPUTED_VALUE"""),"+221") -> +221 | AA7: =IFERROR(__xludf.DUMMYFUNCTION("""COMPUTED_VALUE"""),"+221") -> +221 | AB7: =IFERROR(__xludf.DUMMYFUNCTION("""COMPUTED_VALUE"""),27946) -> 27946 | AC7: =IFERROR(__xludf.DUMMYFUNCTION("""COMPUTED_VALUE"""),29079) -> 29079 | AD7: =IFERROR(__xludf.DUMMYFUNCTION("""COMPUTED_VALUE"""),"MERE") -> MERE | AE7: =IFERROR(__xludf.DUMMYFUNCTION("""COMPUTED_VALUE"""),"PERE") -> PERE | AF7: =IFERROR(__xludf.DUMMYFUNCTION("""COMPUTED_VALUE"""),"FRANCE") -> FRANCE | AG7: =IFERROR(__xludf.DUMMYFUNCTION("""COMPUTED_VALUE"""),"FRANCE") -> FRANCE | AJ7: =IFERROR(__xludf.DUMMYFUNCTION("""COMPUTED_VALUE"""),"U11899") -> U11899 | AK7: =IFERROR(__xludf.DUMMYFUNCTION("""COMPUTED_VALUE"""),"Marié(e)") -> Marié(e) | AL7: =IFERROR(__xludf.DUMMYFUNCTION("""COMPUTED_VALUE"""),"Marié(e)") -> Marié(e) | AM7: =IFERROR(__xludf.DUMMYFUNCTION("""COMPUTED_VALUE"""),"U11899") -> U11899
A8: =IFERROR(__xludf.DUMMYFUNCTION("""COMPUTED_VALUE"""),"AGUESSE Julie") -> AGUESSE Julie | B8: =IFERROR(__xludf.DUMMYFUNCTION("""COMPUTED_VALUE"""),"AGUESSE") -> AGUESSE | C8: =IFERROR(__xludf.DUMMYFUNCTION("""COMPUTED_VALUE"""),"Julie") -> Julie | D8: =IFERROR(__xludf.DUMMYFUNCTION("""COMPUTED_VALUE"""),"11899S2783") -> 11899S2783 | E8: =IFERROR(__xludf.DUMMYFUNCTION("""COMPUTED_VALUE"""),40128) -> 40128 | F8: =IFERROR(__xludf.DUMMYFUNCTION("""COMPUTED_VALUE"""),"1ERE2") -> 1ERE2 | G8: =IFERROR(__xludf.DUMMYFUNCTION("""COMPUTED_VALUE"""),"1ère") -> 1ère | H8: =IFERROR(__xludf.DUMMYFUNCTION("""COMPUTED_VALUE"""),"Lycée Français Jacques Prévert de Saly » Lycée » 1ère » Générale") -> Lycée Français Jacques Prévert de Saly » Lycée » 1ère » Générale | I8: =IFERROR(__xludf.DUMMYFUNCTION("""COMPUTED_VALUE"""),"LVA Anglais") -> LVA Anglais | J8: =IFERROR(__xludf.DUMMYFUNCTION("""COMPUTED_VALUE"""),"LVB Espagnol") -> LVB Espagnol | M8: =IFERROR(__xludf.DUMMYFUNCTION("""COMPUTED_VALUE"""),"SPE MATHS, SPE SVT, SPE SPC") -> SPE MATHS, SPE SVT, SPE SPC | N8: =IFERROR(__xludf.DUMMYFUNCTION("""COMPUTED_VALUE"""),"Fille") -> Fille | P8: =IFERROR(__xludf.DUMMYFUNCTION("""COMPUTED_VALUE"""),"FRANCE") -> FRANCE | R8: =IFERROR(__xludf.DUMMYFUNCTION("""COMPUTED_VALUE"""),"julie.aguesse@lfjpsaly.org") -> julie.aguesse@lfjpsaly.org | S8: =IFERROR(__xludf.DUMMYFUNCTION("""COMPUTED_VALUE"""),"+221") -> +221 | T8: =IFERROR(__xludf.DUMMYFUNCTION("""COMPUTED_VALUE"""),"AGUESSE Ariane") -> AGUESSE Ariane | U8: =IFERROR(__xludf.DUMMYFUNCTION("""COMPUTED_VALUE"""),"AGUESSE Nicolas") -> AGUESSE Nicolas | V8: =IFERROR(__xludf.DUMMYFUNCTION("""COMPUTED_VALUE"""),"arianeve@hotmail.fr") -> arianeve@hotmail.fr | W8: =IFERROR(__xludf.DUMMYFUNCTION("""COMPUTED_VALUE"""),"naguesse@hotmail.fr") -> naguesse@hotmail.fr | X8: =IFERROR(__xludf.DUMMYFUNCTION("""COMPUTED_VALUE"""),"+221 78 384 53 22") -> +221 78 384 53 22 | Y8: =IFERROR(__xludf.DUMMYFUNCTION("""COMPUTED_VALUE"""),"+594 694 35 10 33") -> +594 694 35 10 33 | Z8: =IFERROR(__xludf.DUMMYFUNCTION("""COMPUTED_VALUE"""),"+221") -> +221 | AA8: =IFERROR(__xludf.DUMMYFUNCTION("""COMPUTED_VALUE"""),"+221") -> +221 | AB8: =IFERROR(__xludf.DUMMYFUNCTION("""COMPUTED_VALUE"""),27946) -> 27946 | AC8: =IFERROR(__xludf.DUMMYFUNCTION("""COMPUTED_VALUE"""),29079) -> 29079 | AD8: =IFERROR(__xludf.DUMMYFUNCTION("""COMPUTED_VALUE"""),"MERE") -> MERE | AE8: =IFERROR(__xludf.DUMMYFUNCTION("""COMPUTED_VALUE"""),"PERE") -> PERE | AF8: =IFERROR(__xludf.DUMMYFUNCTION("""COMPUTED_VALUE"""),"FRANCE") -> FRANCE | AG8: =IFERROR(__xludf.DUMMYFUNCTION("""COMPUTED_VALUE"""),"FRANCE") -> FRANCE | AJ8: =IFERROR(__xludf.DUMMYFUNCTION("""COMPUTED_VALUE"""),"U11899") -> U11899 | AK8: =IFERROR(__xludf.DUMMYFUNCTION("""COMPUTED_VALUE"""),"Marié(e)") -> Marié(e) | AL8: =IFERROR(__xludf.DUMMYFUNCTION("""COMPUTED_VALUE"""),"Marié(e)") -> Marié(e) | AM8: =IFERROR(__xludf.DUMMYFUNCTION("""COMPUTED_VALUE"""),"U11899") -> U11899
A9: =IFERROR(__xludf.DUMMYFUNCTION("""COMPUTED_VALUE"""),"ALLIER Faustine") -> ALLIER Faustine | B9: =IFERROR(__xludf.DUMMYFUNCTION("""COMPUTED_VALUE"""),"ALLIER") -> ALLIER | C9: =IFERROR(__xludf.DUMMYFUNCTION("""COMPUTED_VALUE"""),"Faustine") -> Faustine | D9: =IFERROR(__xludf.DUMMYFUNCTION("""COMPUTED_VALUE"""),"1119E1") -> 1119E1 | E9: =IFERROR(__xludf.DUMMYFUNCTION("""COMPUTED_VALUE"""),39948) -> 39948 | F9: =IFERROR(__xludf.DUMMYFUNCTION("""COMPUTED_VALUE"""),"1ERE1") -> 1ERE1 | G9: =IFERROR(__xludf.DUMMYFUNCTION("""COMPUTED_VALUE"""),"1ère") -> 1ère | H9: =IFERROR(__xludf.DUMMYFUNCTION("""COMPUTED_VALUE"""),"Lycée Français Jacques Prévert de Saly » Lycée » 1ère » Générale") -> Lycée Français Jacques Prévert de Saly » Lycée » 1ère » Générale | I9: =IFERROR(__xludf.DUMMYFUNCTION("""COMPUTED_VALUE"""),"LVA Anglais") -> LVA Anglais | J9: =IFERROR(__xludf.DUMMYFUNCTION("""COMPUTED_VALUE"""),"LVB Espagnol") -> LVB Espagnol | M9: =IFERROR(__xludf.DUMMYFUNCTION("""COMPUTED_VALUE"""),"SPE HGGSP, SPE MATHS, SPE SES") -> SPE HGGSP, SPE MATHS, SPE SES | N9: =IFERROR(__xludf.DUMMYFUNCTION("""COMPUTED_VALUE"""),"Fille") -> Fille | P9: =IFERROR(__xludf.DUMMYFUNCTION("""COMPUTED_VALUE"""),"FRANCE") -> FRANCE | R9: =IFERROR(__xludf.DUMMYFUNCTION("""COMPUTED_VALUE"""),"faustine.allier@lfjpsaly.org") -> faustine.allier@lfjpsaly.org | S9: =IFERROR(__xludf.DUMMYFUNCTION("""COMPUTED_VALUE"""),"+221 78 185 36 17") -> +221 78 185 36 17 | T9: =IFERROR(__xludf.DUMMYFUNCTION("""COMPUTED_VALUE"""),"VALLET Margaret") -> VALLET Margaret | U9: =IFERROR(__xludf.DUMMYFUNCTION("""COMPUTED_VALUE"""),"ALLIER Pascal") -> ALLIER Pascal | V9: =IFERROR(__xludf.DUMMYFUNCTION("""COMPUTED_VALUE"""),"margaux@adjanaresort.com") -> margaux@adjanaresort.com | W9: =IFERROR(__xludf.DUMMYFUNCTION("""COMPUTED_VALUE"""),"pascal.allier@free.fr") -> pascal.allier@free.fr | X9: =IFERROR(__xludf.DUMMYFUNCTION("""COMPUTED_VALUE"""),"+221 78 185 36 17") -> +221 78 185 36 17 | Y9: =IFERROR(__xludf.DUMMYFUNCTION("""COMPUTED_VALUE"""),"+33 6 17 92 68 90") -> +33 6 17 92 68 90 | Z9: =IFERROR(__xludf.DUMMYFUNCTION("""COMPUTED_VALUE"""),"+221 78 185 36 17") -> +221 78 185 36 17 | AA9: =IFERROR(__xludf.DUMMYFUNCTION("""COMPUTED_VALUE"""),"+221") -> +221 | AB9: =IFERROR(__xludf.DUMMYFUNCTION("""COMPUTED_VALUE"""),27515) -> 27515 | AC9: =IFERROR(__xludf.DUMMYFUNCTION("""COMPUTED_VALUE"""),46267) -> 46267 | AD9: =IFERROR(__xludf.DUMMYFUNCTION("""COMPUTED_VALUE"""),"MERE") -> MERE | AE9: =IFERROR(__xludf.DUMMYFUNCTION("""COMPUTED_VALUE"""),"PERE") -> PERE | AF9: =IFERROR(__xludf.DUMMYFUNCTION("""COMPUTED_VALUE"""),"FRANCE") -> FRANCE | AG9: =IFERROR(__xludf.DUMMYFUNCTION("""COMPUTED_VALUE"""),"FRANCE") -> FRANCE | AJ9: =IFERROR(__xludf.DUMMYFUNCTION("""COMPUTED_VALUE"""),"F1119") -> F1119 | AK9: =IFERROR(__xludf.DUMMYFUNCTION("""COMPUTED_VALUE"""),"Célibataire") -> Célibataire | AL9: =IFERROR(__xludf.DUMMYFUNCTION("""COMPUTED_VALUE"""),"Célibataire") -> Célibataire | AM9: =IFERROR(__xludf.DUMMYFUNCTION("""COMPUTED_VALUE"""),"F1119") -> F1119
A10: =IFERROR(__xludf.DUMMYFUNCTION("""COMPUTED_VALUE"""),"AMADOU SALL Daha-Ibrahim") -> AMADOU SALL Daha-Ibrahim | B10: =IFERROR(__xludf.DUMMYFUNCTION("""COMPUTED_VALUE"""),"AMADOU SALL") -> AMADOU SALL | C10: =IFERROR(__xludf.DUMMYFUNCTION("""COMPUTED_VALUE"""),"Daha-Ibrahim") -> Daha-Ibrahim | D10: =IFERROR(__xludf.DUMMYFUNCTION("""COMPUTED_VALUE"""),"1120E4") -> 1120E4 | E10: =IFERROR(__xludf.DUMMYFUNCTION("""COMPUTED_VALUE"""),44647) -> 44647 | F10: =IFERROR(__xludf.DUMMYFUNCTION("""COMPUTED_VALUE"""),"Mat 1") -> Mat 1 | G10: =IFERROR(__xludf.DUMMYFUNCTION("""COMPUTED_VALUE"""),"PS") -> PS | H10: =IFERROR(__xludf.DUMMYFUNCTION("""COMPUTED_VALUE"""),"Lycée Français Jacques Prévert de Saly » Maternelle » PS » Générale") -> Lycée Français Jacques Prévert de Saly » Maternelle » PS » Générale | N10: =IFERROR(__xludf.DUMMYFUNCTION("""COMPUTED_VALUE"""),"Garçon") -> Garçon | P10: =IFERROR(__xludf.DUMMYFUNCTION("""COMPUTED_VALUE"""),"FRANCE") -> FRANCE | S10: =IFERROR(__xludf.DUMMYFUNCTION("""COMPUTED_VALUE"""),"+221") -> +221 | T10: =IFERROR(__xludf.DUMMYFUNCTION("""COMPUTED_VALUE"""),"SALL Coudy") -> SALL Coudy | U10: =IFERROR(__xludf.DUMMYFUNCTION("""COMPUTED_VALUE"""),"AMADOU Arouna") -> AMADOU Arouna | V10: =IFERROR(__xludf.DUMMYFUNCTION("""COMPUTED_VALUE"""),"csall27@outlook.fr") -> csall27@outlook.fr | W10: =IFERROR(__xludf.DUMMYFUNCTION("""COMPUTED_VALUE"""),"arounadaha78@gmail.com") -> arounadaha78@gmail.com | X10: =IFERROR(__xludf.DUMMYFUNCTION("""COMPUTED_VALUE"""),"+33 1 30 94 18 70") -> +33 1 30 94 18 70 | Y10: =IFERROR(__xludf.DUMMYFUNCTION("""COMPUTED_VALUE"""),"+33 6 60 25 55 96") -> +33 6 60 25 55 96 | Z10: =IFERROR(__xludf.DUMMYFUNCTION("""COMPUTED_VALUE"""),"+221 78 125 11 41") -> +221 78 125 11 41 | AA10: =IFERROR(__xludf.DUMMYFUNCTION("""COMPUTED_VALUE"""),"+221 78 125 11 41") -> +221 78 125 11 41 | AB10: =IFERROR(__xludf.DUMMYFUNCTION("""COMPUTED_VALUE"""),32321) -> 32321 | AC10: =IFERROR(__xludf.DUMMYFUNCTION("""COMPUTED_VALUE"""),31815) -> 31815 | AD10: =IFERROR(__xludf.DUMMYFUNCTION("""COMPUTED_VALUE"""),"MERE") -> MERE | AE10: =IFERROR(__xludf.DUMMYFUNCTION("""COMPUTED_VALUE"""),"PERE") -> PERE | AF10: =IFERROR(__xludf.DUMMYFUNCTION("""COMPUTED_VALUE"""),"FRANCE") -> FRANCE | AG10: =IFERROR(__xludf.DUMMYFUNCTION("""COMPUTED_VALUE"""),"FRANCE") -> FRANCE | AH10: =IFERROR(__xludf.DUMMYFUNCTION("""COMPUTED_VALUE"""),"SENEGAL") -> SENEGAL | AI10: =IFERROR(__xludf.DUMMYFUNCTION("""COMPUTED_VALUE"""),"SENEGAL") -> SENEGAL | AJ10: =IFERROR(__xludf.DUMMYFUNCTION("""COMPUTED_VALUE"""),"F1120") -> F1120 | AK10: =IFERROR(__xludf.DUMMYFUNCTION("""COMPUTED_VALUE"""),"CONCUBINAGE") -> CONCUBINAGE | AL10: =IFERROR(__xludf.DUMMYFUNCTION("""COMPUTED_VALUE"""),"CONCUBINAGE") -> CONCUBINAGE | AM10: =IFERROR(__xludf.DUMMYFUNCTION("""COMPUTED_VALUE"""),"F1120") -> F1120
A11: =IFERROR(__xludf.DUMMYFUNCTION("""COMPUTED_VALUE"""),"AMADOU-SALL Fatyma") -> AMADOU-SALL Fatyma | B11: =IFERROR(__xludf.DUMMYFUNCTION("""COMPUTED_VALUE"""),"AMADOU-SALL") -> AMADOU-SALL | C11: =IFERROR(__xludf.DUMMYFUNCTION("""COMPUTED_VALUE"""),"Fatyma") -> Fatyma | D11: =IFERROR(__xludf.DUMMYFUNCTION("""COMPUTED_VALUE"""),"1120E1") -> 1120E1 | E11: =IFERROR(__xludf.DUMMYFUNCTION("""COMPUTED_VALUE"""),41716) -> 41716 | F11: =IFERROR(__xludf.DUMMYFUNCTION("""COMPUTED_VALUE"""),"6EME1") -> 6EME1 | G11: =IFERROR(__xludf.DUMMYFUNCTION("""COMPUTED_VALUE"""),"6ème") -> 6ème | H11: =IFERROR(__xludf.DUMMYFUNCTION("""COMPUTED_VALUE"""),"Lycée Français Jacques Prévert de Saly » Collège » 6ème » Générale") -> Lycée Français Jacques Prévert de Saly » Collège » 6ème » Générale | I11: =IFERROR(__xludf.DUMMYFUNCTION("""COMPUTED_VALUE"""),"LVA Anglais") -> LVA Anglais | J11: =IFERROR(__xludf.DUMMYFUNCTION("""COMPUTED_VALUE"""),"LVB Espagnol") -> LVB Espagnol | N11: =IFERROR(__xludf.DUMMYFUNCTION("""COMPUTED_VALUE"""),"Fille") -> Fille | P11: =IFERROR(__xludf.DUMMYFUNCTION("""COMPUTED_VALUE"""),"FRANCE") -> FRANCE | R11: =IFERROR(__xludf.DUMMYFUNCTION("""COMPUTED_VALUE"""),"fatyma.amadou-sall@lfjpsaly.org") -> fatyma.amadou-sall@lfjpsaly.org | T11: =IFERROR(__xludf.DUMMYFUNCTION("""COMPUTED_VALUE"""),"SALL Coudy") -> SALL Coudy | U11: =IFERROR(__xludf.DUMMYFUNCTION("""COMPUTED_VALUE"""),"AMADOU Arouna") -> AMADOU Arouna | V11: =IFERROR(__xludf.DUMMYFUNCTION("""COMPUTED_VALUE"""),"csall27@outlook.fr") -> csall27@outlook.fr | W11: =IFERROR(__xludf.DUMMYFUNCTION("""COMPUTED_VALUE"""),"arounadaha78@gmail.com") -> arounadaha78@gmail.com | X11: =IFERROR(__xludf.DUMMYFUNCTION("""COMPUTED_VALUE"""),"+33 1 30 94 18 70") -> +33 1 30 94 18 70 | Y11: =IFERROR(__xludf.DUMMYFUNCTION("""COMPUTED_VALUE"""),"+33 6 60 25 55 96") -> +33 6 60 25 55 96 | Z11: =IFERROR(__xludf.DUMMYFUNCTION("""COMPUTED_VALUE"""),"+221 78 125 11 41") -> +221 78 125 11 41 | AA11: =IFERROR(__xludf.DUMMYFUNCTION("""COMPUTED_VALUE"""),"+221 78 125 11 41") -> +221 78 125 11 41 | AB11: =IFERROR(__xludf.DUMMYFUNCTION("""COMPUTED_VALUE"""),32321) -> 32321 | AC11: =IFERROR(__xludf.DUMMYFUNCTION("""COMPUTED_VALUE"""),31815) -> 31815 | AD11: =IFERROR(__xludf.DUMMYFUNCTION("""COMPUTED_VALUE"""),"MERE") -> MERE | AE11: =IFERROR(__xludf.DUMMYFUNCTION("""COMPUTED_VALUE"""),"PERE") -> PERE | AF11: =IFERROR(__xludf.DUMMYFUNCTION("""COMPUTED_VALUE"""),"FRANCE") -> FRANCE | AG11: =IFERROR(__xludf.DUMMYFUNCTION("""COMPUTED_VALUE"""),"FRANCE") -> FRANCE | AH11: =IFERROR(__xludf.DUMMYFUNCTION("""COMPUTED_VALUE"""),"SENEGAL") -> SENEGAL | AI11: =IFERROR(__xludf.DUMMYFUNCTION("""COMPUTED_VALUE"""),"SENEGAL") -> SENEGAL | AJ11: =IFERROR(__xludf.DUMMYFUNCTION("""COMPUTED_VALUE"""),"F1120") -> F1120 | AK11: =IFERROR(__xludf.DUMMYFUNCTION("""COMPUTED_VALUE"""),"CONCUBINAGE") -> CONCUBINAGE | AL11: =IFERROR(__xludf.DUMMYFUNCTION("""COMPUTED_VALUE"""),"CONCUBINAGE") -> CONCUBINAGE | AM11: =IFERROR(__xludf.DUMMYFUNCTION("""COMPUTED_VALUE"""),"F1120") -> F1120
A12: =IFERROR(__xludf.DUMMYFUNCTION("""COMPUTED_VALUE"""),"AMADOU-SALL Moussa") -> AMADOU-SALL Moussa | B12: =IFERROR(__xludf.DUMMYFUNCTION("""COMPUTED_VALUE"""),"AMADOU-SALL") -> AMADOU-SALL | C12: =IFERROR(__xludf.DUMMYFUNCTION("""COMPUTED_VALUE"""),"Moussa") -> Moussa | D12: =IFERROR(__xludf.DUMMYFUNCTION("""COMPUTED_VALUE"""),"1120E2") -> 1120E2 | E12: =IFERROR(__xludf.DUMMYFUNCTION("""COMPUTED_VALUE"""),41021) -> 41021 | F12: =IFERROR(__xludf.DUMMYFUNCTION("""COMPUTED_VALUE"""),"4EME1") -> 4EME1 | G12: =IFERROR(__xludf.DUMMYFUNCTION("""COMPUTED_VALUE"""),"4ème") -> 4ème | H12: =IFERROR(__xludf.DUMMYFUNCTION("""COMPUTED_VALUE"""),"Lycée Français Jacques Prévert de Saly » Collège » 4ème » Générale") -> Lycée Français Jacques Prévert de Saly » Collège » 4ème » Générale | I12: =IFERROR(__xludf.DUMMYFUNCTION("""COMPUTED_VALUE"""),"LVA Anglais") -> LVA Anglais | J12: =IFERROR(__xludf.DUMMYFUNCTION("""COMPUTED_VALUE"""),"LVB Espagnol") -> LVB Espagnol | N12: =IFERROR(__xludf.DUMMYFUNCTION("""COMPUTED_VALUE"""),"Garçon") -> Garçon | P12: =IFERROR(__xludf.DUMMYFUNCTION("""COMPUTED_VALUE"""),"FRANCE") -> FRANCE | R12: =IFERROR(__xludf.DUMMYFUNCTION("""COMPUTED_VALUE"""),"moussa.amadou-sall@lfjpsaly.org") -> moussa.amadou-sall@lfjpsaly.org | T12: =IFERROR(__xludf.DUMMYFUNCTION("""COMPUTED_VALUE"""),"AMADOU Arouna") -> AMADOU Arouna | U12: =IFERROR(__xludf.DUMMYFUNCTION("""COMPUTED_VALUE"""),"SALL Coudy") -> SALL Coudy | V12: =IFERROR(__xludf.DUMMYFUNCTION("""COMPUTED_VALUE"""),"arounadaha78@gmail.com") -> arounadaha78@gmail.com | W12: =IFERROR(__xludf.DUMMYFUNCTION("""COMPUTED_VALUE"""),"csall27@outlook.fr") -> csall27@outlook.fr | X12: =IFERROR(__xludf.DUMMYFUNCTION("""COMPUTED_VALUE"""),"+33 6 60 25 55 96") -> +33 6 60 25 55 96 | Y12: =IFERROR(__xludf.DUMMYFUNCTION("""COMPUTED_VALUE"""),"+33 1 30 94 18 70") -> +33 1 30 94 18 70 | Z12: =IFERROR(__xludf.DUMMYFUNCTION("""COMPUTED_VALUE"""),"+221 78 125 11 41") -> +221 78 125 11 41 | AA12: =IFERROR(__xludf.DUMMYFUNCTION("""COMPUTED_VALUE"""),"+221 78 125 11 41") -> +221 78 125 11 41 | AB12: =IFERROR(__xludf.DUMMYFUNCTION("""COMPUTED_VALUE"""),31815) -> 31815 | AC12: =IFERROR(__xludf.DUMMYFUNCTION("""COMPUTED_VALUE"""),32321) -> 32321 | AD12: =IFERROR(__xludf.DUMMYFUNCTION("""COMPUTED_VALUE"""),"PERE") -> PERE | AE12: =IFERROR(__xludf.DUMMYFUNCTION("""COMPUTED_VALUE"""),"MERE") -> MERE | AF12: =IFERROR(__xludf.DUMMYFUNCTION("""COMPUTED_VALUE"""),"FRANCE") -> FRANCE | AG12: =IFERROR(__xludf.DUMMYFUNCTION("""COMPUTED_VALUE"""),"FRANCE") -> FRANCE | AH12: =IFERROR(__xludf.DUMMYFUNCTION("""COMPUTED_VALUE"""),"SENEGAL") -> SENEGAL | AI12: =IFERROR(__xludf.DUMMYFUNCTION("""COMPUTED_VALUE"""),"SENEGAL") -> SENEGAL | AJ12: =IFERROR(__xludf.DUMMYFUNCTION("""COMPUTED_VALUE"""),"F1120") -> F1120 | AK12: =IFERROR(__xludf.DUMMYFUNCTION("""COMPUTED_VALUE"""),"CONCUBINAGE") -> CONCUBINAGE | AL12: =IFERROR(__xludf.DUMMYFUNCTION("""COMPUTED_VALUE"""),"CONCUBINAGE") -> CONCUBINAGE | AM12: =IFERROR(__xludf.DUMMYFUNCTION("""COMPUTED_VALUE"""),"F1120") -> F1120
A13: =IFERROR(__xludf.DUMMYFUNCTION("""COMPUTED_VALUE"""),"AMADOU-SALL Soumaya-Thila") -> AMADOU-SALL Soumaya-Thila | B13: =IFERROR(__xludf.DUMMYFUNCTION("""COMPUTED_VALUE"""),"AMADOU-SALL") -> AMADOU-SALL | C13: =IFERROR(__xludf.DUMMYFUNCTION("""COMPUTED_VALUE"""),"Soumaya-Thila") -> Soumaya-Thila | D13: =IFERROR(__xludf.DUMMYFUNCTION("""COMPUTED_VALUE"""),"1120E3") -> 1120E3 | E13: =IFERROR(__xludf.DUMMYFUNCTION("""COMPUTED_VALUE"""),43542) -> 43542 | F13: =IFERROR(__xludf.DUMMYFUNCTION("""COMPUTED_VALUE"""),"CP") -> CP | G13: =IFERROR(__xludf.DUMMYFUNCTION("""COMPUTED_VALUE"""),"CP") -> CP | H13: =IFERROR(__xludf.DUMMYFUNCTION("""COMPUTED_VALUE"""),"Lycée Français Jacques Prévert de Saly » Elémentaire » CP » Générale") -> Lycée Français Jacques Prévert de Saly » Elémentaire » CP » Générale | N13: =IFERROR(__xludf.DUMMYFUNCTION("""COMPUTED_VALUE"""),"Fille") -> Fille | P13: =IFERROR(__xludf.DUMMYFUNCTION("""COMPUTED_VALUE"""),"FRANCE") -> FRANCE | T13: =IFERROR(__xludf.DUMMYFUNCTION("""COMPUTED_VALUE"""),"SALL Coudy") -> SALL Coudy | U13: =IFERROR(__xludf.DUMMYFUNCTION("""COMPUTED_VALUE"""),"AMADOU Arouna") -> AMADOU Arouna | V13: =IFERROR(__xludf.DUMMYFUNCTION("""COMPUTED_VALUE"""),"csall27@outlook.fr") -> csall27@outlook.fr | W13: =IFERROR(__xludf.DUMMYFUNCTION("""COMPUTED_VALUE"""),"arounadaha78@gmail.com") -> arounadaha78@gmail.com | X13: =IFERROR(__xludf.DUMMYFUNCTION("""COMPUTED_VALUE"""),"+33 1 30 94 18 70") -> +33 1 30 94 18 70 | Y13: =IFERROR(__xludf.DUMMYFUNCTION("""COMPUTED_VALUE"""),"+33 6 60 25 55 96") -> +33 6 60 25 55 96 | Z13: =IFERROR(__xludf.DUMMYFUNCTION("""COMPUTED_VALUE"""),"+221 78 125 11 41") -> +221 78 125 11 41 | AA13: =IFERROR(__xludf.DUMMYFUNCTION("""COMPUTED_VALUE"""),"+221 78 125 11 41") -> +221 78 125 11 41 | AB13: =IFERROR(__xludf.DUMMYFUNCTION("""COMPUTED_VALUE"""),32321) -> 32321 | AC13: =IFERROR(__xludf.DUMMYFUNCTION("""COMPUTED_VALUE"""),31815) -> 31815 | AD13: =IFERROR(__xludf.DUMMYFUNCTION("""COMPUTED_VALUE"""),"MERE") -> MERE | AE13: =IFERROR(__xludf.DUMMYFUNCTION("""COMPUTED_VALUE"""),"PERE") -> PERE | AF13: =IFERROR(__xludf.DUMMYFUNCTION("""COMPUTED_VALUE"""),"FRANCE") -> FRANCE | AG13: =IFERROR(__xludf.DUMMYFUNCTION("""COMPUTED_VALUE"""),"FRANCE") -> FRANCE | AH13: =IFERROR(__xludf.DUMMYFUNCTION("""COMPUTED_VALUE"""),"SENEGAL") -> SENEGAL | AI13: =IFERROR(__xludf.DUMMYFUNCTION("""COMPUTED_VALUE"""),"SENEGAL") -> SENEGAL | AJ13: =IFERROR(__xludf.DUMMYFUNCTION("""COMPUTED_VALUE"""),"F1120") -> F1120 | AK13: =IFERROR(__xludf.DUMMYFUNCTION("""COMPUTED_VALUE"""),"CONCUBINAGE") -> CONCUBINAGE | AL13: =IFERROR(__xludf.DUMMYFUNCTION("""COMPUTED_VALUE"""),"CONCUBINAGE") -> CONCUBINAGE | AM13: =IFERROR(__xludf.DUMMYFUNCTION("""COMPUTED_VALUE"""),"F1120") -> F1120
A14: =IFERROR(__xludf.DUMMYFUNCTION("""COMPUTED_VALUE"""),"ANATO Noa Elianah Mondukpe") -> ANATO Noa Elianah Mondukpe | B14: =IFERROR(__xludf.DUMMYFUNCTION("""COMPUTED_VALUE"""),"ANATO") -> ANATO | C14: =IFERROR(__xludf.DUMMYFUNCTION("""COMPUTED_VALUE"""),"Noa Elianah Mondukpe") -> Noa Elianah Mondukpe | D14: =IFERROR(__xludf.DUMMYFUNCTION("""COMPUTED_VALUE"""),"1123E3") -> 1123E3 | E14: =IFERROR(__xludf.DUMMYFUNCTION("""COMPUTED_VALUE"""),43872) -> 43872 | F14: =IFERROR(__xludf.DUMMYFUNCTION("""COMPUTED_VALUE"""),"Mat 3") -> Mat 3 | G14: =IFERROR(__xludf.DUMMYFUNCTION("""COMPUTED_VALUE"""),"GS") -> GS | H14: =IFERROR(__xludf.DUMMYFUNCTION("""COMPUTED_VALUE"""),"Lycée Français Jacques Prévert de Saly » Maternelle » GS » Générale") -> Lycée Français Jacques Prévert de Saly » Maternelle » GS » Générale | N14: =IFERROR(__xludf.DUMMYFUNCTION("""COMPUTED_VALUE"""),"Fille") -> Fille | P14: =IFERROR(__xludf.DUMMYFUNCTION("""COMPUTED_VALUE"""),"BENIN") -> BENIN | T14: =IFERROR(__xludf.DUMMYFUNCTION("""COMPUTED_VALUE"""),"ANATO Sevinin Yannick") -> ANATO Sevinin Yannick | U14: =IFERROR(__xludf.DUMMYFUNCTION("""COMPUTED_VALUE"""),"ANATO Rachel Carole Grace") -> ANATO Rachel Carole Grace | V14: =IFERROR(__xludf.DUMMYFUNCTION("""COMPUTED_VALUE"""),"yannickanato@gmail.com") -> yannickanato@gmail.com | W14: =IFERROR(__xludf.DUMMYFUNCTION("""COMPUTED_VALUE"""),"rachelboucarianato@gmail.com") -> rachelboucarianato@gmail.com | X14: =IFERROR(__xludf.DUMMYFUNCTION("""COMPUTED_VALUE"""),"+221 78 470 01 01") -> +221 78 470 01 01 | Y14: =IFERROR(__xludf.DUMMYFUNCTION("""COMPUTED_VALUE"""),"+221 78 470 03 03") -> +221 78 470 03 03 | Z14: =IFERROR(__xludf.DUMMYFUNCTION("""COMPUTED_VALUE"""),"+221 78 470 01 01") -> +221 78 470 01 01 | AA14: =IFERROR(__xludf.DUMMYFUNCTION("""COMPUTED_VALUE"""),"+221 78 470 03 03") -> +221 78 470 03 03 | AB14: =IFERROR(__xludf.DUMMYFUNCTION("""COMPUTED_VALUE"""),32461) -> 32461 | AC14: =IFERROR(__xludf.DUMMYFUNCTION("""COMPUTED_VALUE"""),33857) -> 33857 | AD14: =IFERROR(__xludf.DUMMYFUNCTION("""COMPUTED_VALUE"""),"PERE") -> PERE | AE14: =IFERROR(__xludf.DUMMYFUNCTION("""COMPUTED_VALUE"""),"MERE") -> MERE | AF14: =IFERROR(__xludf.DUMMYFUNCTION("""COMPUTED_VALUE"""),"BENIN") -> BENIN | AG14: =IFERROR(__xludf.DUMMYFUNCTION("""COMPUTED_VALUE"""),"BENIN") -> BENIN | AH14: =IFERROR(__xludf.DUMMYFUNCTION("""COMPUTED_VALUE"""),"BENIN") -> BENIN | AJ14: =IFERROR(__xludf.DUMMYFUNCTION("""COMPUTED_VALUE"""),"F1123") -> F1123 | AK14: =IFERROR(__xludf.DUMMYFUNCTION("""COMPUTED_VALUE"""),"Marié(e)") -> Marié(e) | AL14: =IFERROR(__xludf.DUMMYFUNCTION("""COMPUTED_VALUE"""),"Marié(e)") -> Marié(e) | AM14: =IFERROR(__xludf.DUMMYFUNCTION("""COMPUTED_VALUE"""),"F1123") -> F1123
A15: =IFERROR(__xludf.DUMMYFUNCTION("""COMPUTED_VALUE"""),"ANATO Yoann Stachys Dagbemin") -> ANATO Yoann Stachys Dagbemin | B15: =IFERROR(__xludf.DUMMYFUNCTION("""COMPUTED_VALUE"""),"ANATO") -> ANATO | C15: =IFERROR(__xludf.DUMMYFUNCTION("""COMPUTED_VALUE"""),"Yoann Stachys Dagbemin") -> Yoann Stachys Dagbemin | D15: =IFERROR(__xludf.DUMMYFUNCTION("""COMPUTED_VALUE"""),"1123E4") -> 1123E4 | E15: =IFERROR(__xludf.DUMMYFUNCTION("""COMPUTED_VALUE"""),43025) -> 43025 | F15: =IFERROR(__xludf.DUMMYFUNCTION("""COMPUTED_VALUE"""),"CE2") -> CE2 | G15: =IFERROR(__xludf.DUMMYFUNCTION("""COMPUTED_VALUE"""),"CE2") -> CE2 | H15: =IFERROR(__xludf.DUMMYFUNCTION("""COMPUTED_VALUE"""),"Lycée Français Jacques Prévert de Saly » Elémentaire » CE2 » Générale") -> Lycée Français Jacques Prévert de Saly » Elémentaire » CE2 » Générale | N15: =IFERROR(__xludf.DUMMYFUNCTION("""COMPUTED_VALUE"""),"Garçon") -> Garçon | P15: =IFERROR(__xludf.DUMMYFUNCTION("""COMPUTED_VALUE"""),"BENIN") -> BENIN | T15: =IFERROR(__xludf.DUMMYFUNCTION("""COMPUTED_VALUE"""),"ANATO Sevinin Yannick") -> ANATO Sevinin Yannick | U15: =IFERROR(__xludf.DUMMYFUNCTION("""COMPUTED_VALUE"""),"ANATO Rachel Carole Grace") -> ANATO Rachel Carole Grace | V15: =IFERROR(__xludf.DUMMYFUNCTION("""COMPUTED_VALUE"""),"yannickanato@gmail.com") -> yannickanato@gmail.com | W15: =IFERROR(__xludf.DUMMYFUNCTION("""COMPUTED_VALUE"""),"rachelboucarianato@gmail.com") -> rachelboucarianato@gmail.com | X15: =IFERROR(__xludf.DUMMYFUNCTION("""COMPUTED_VALUE"""),"+221 78 470 01 01") -> +221 78 470 01 01 | Y15: =IFERROR(__xludf.DUMMYFUNCTION("""COMPUTED_VALUE"""),"+221 78 470 03 03") -> +221 78 470 03 03 | Z15: =IFERROR(__xludf.DUMMYFUNCTION("""COMPUTED_VALUE"""),"+221 78 470 01 01") -> +221 78 470 01 01 | AA15: =IFERROR(__xludf.DUMMYFUNCTION("""COMPUTED_VALUE"""),"+221 78 470 03 03") -> +221 78 470 03 03 | AB15: =IFERROR(__xludf.DUMMYFUNCTION("""COMPUTED_VALUE"""),32461) -> 32461 | AC15: =IFERROR(__xludf.DUMMYFUNCTION("""COMPUTED_VALUE"""),33857) -> 33857 | AD15: =IFERROR(__xludf.DUMMYFUNCTION("""COMPUTED_VALUE"""),"PERE") -> PERE | AE15: =IFERROR(__xludf.DUMMYFUNCTION("""COMPUTED_VALUE"""),"MERE") -> MERE | AF15: =IFERROR(__xludf.DUMMYFUNCTION("""COMPUTED_VALUE"""),"BENIN") -> BENIN | AG15: =IFERROR(__xludf.DUMMYFUNCTION("""COMPUTED_VALUE"""),"BENIN") -> BENIN | AH15: =IFERROR(__xludf.DUMMYFUNCTION("""COMPUTED_VALUE"""),"BENIN") -> BENIN | AJ15: =IFERROR(__xludf.DUMMYFUNCTION("""COMPUTED_VALUE"""),"F1123") -> F1123 | AK15: =IFERROR(__xludf.DUMMYFUNCTION("""COMPUTED_VALUE"""),"Marié(e)") -> Marié(e) | AL15: =IFERROR(__xludf.DUMMYFUNCTION("""COMPUTED_VALUE"""),"Marié(e)") -> Marié(e) | AM15: =IFERROR(__xludf.DUMMYFUNCTION("""COMPUTED_VALUE"""),"F1123") -> F1123
A16: =IFERROR(__xludf.DUMMYFUNCTION("""COMPUTED_VALUE"""),"ANIZI Mohamed") -> ANIZI Mohamed | B16: =IFERROR(__xludf.DUMMYFUNCTION("""COMPUTED_VALUE"""),"ANIZI") -> ANIZI | C16: =IFERROR(__xludf.DUMMYFUNCTION("""COMPUTED_VALUE"""),"Mohamed") -> Mohamed | D16: =IFERROR(__xludf.DUMMYFUNCTION("""COMPUTED_VALUE"""),"1124E1") -> 1124E1 | E16: =IFERROR(__xludf.DUMMYFUNCTION("""COMPUTED_VALUE"""),42434) -> 42434 | F16: =IFERROR(__xludf.DUMMYFUNCTION("""COMPUTED_VALUE"""),"CM1B") -> CM1B | G16: =IFERROR(__xludf.DUMMYFUNCTION("""COMPUTED_VALUE"""),"CM1") -> CM1 | H16: =IFERROR(__xludf.DUMMYFUNCTION("""COMPUTED_VALUE"""),"Lycée Français Jacques Prévert de Saly » Elémentaire » CM1 » Générale") -> Lycée Français Jacques Prévert de Saly » Elémentaire » CM1 » Générale | N16: =IFERROR(__xludf.DUMMYFUNCTION("""COMPUTED_VALUE"""),"Garçon") -> Garçon | P16: =IFERROR(__xludf.DUMMYFUNCTION("""COMPUTED_VALUE"""),"TUNISIE") -> TUNISIE | T16: =IFERROR(__xludf.DUMMYFUNCTION("""COMPUTED_VALUE"""),"HAMROUNI Riheme") -> HAMROUNI Riheme | U16: =IFERROR(__xludf.DUMMYFUNCTION("""COMPUTED_VALUE"""),"ANIZI Aymen") -> ANIZI Aymen | V16: =IFERROR(__xludf.DUMMYFUNCTION("""COMPUTED_VALUE"""),"rihemehamrouni@outlook.com") -> rihemehamrouni@outlook.com | W16: =IFERROR(__xludf.DUMMYFUNCTION("""COMPUTED_VALUE"""),"aymenanizi.aa@gmail.com") -> aymenanizi.aa@gmail.com | X16: =IFERROR(__xludf.DUMMYFUNCTION("""COMPUTED_VALUE"""),"+221 77 566 00 36") -> +221 77 566 00 36 | Y16: =IFERROR(__xludf.DUMMYFUNCTION("""COMPUTED_VALUE"""),"+216 21 997 232") -> +216 21 997 232 | Z16: =IFERROR(__xludf.DUMMYFUNCTION("""COMPUTED_VALUE"""),"+216 29 133 870") -> +216 29 133 870 | AB16: =IFERROR(__xludf.DUMMYFUNCTION("""COMPUTED_VALUE"""),30975) -> 30975 | AC16: =IFERROR(__xludf.DUMMYFUNCTION("""COMPUTED_VALUE"""),31372) -> 31372 | AD16: =IFERROR(__xludf.DUMMYFUNCTION("""COMPUTED_VALUE"""),"MERE") -> MERE | AE16: =IFERROR(__xludf.DUMMYFUNCTION("""COMPUTED_VALUE"""),"PERE") -> PERE | AF16: =IFERROR(__xludf.DUMMYFUNCTION("""COMPUTED_VALUE"""),"TUNISIE") -> TUNISIE | AG16: =IFERROR(__xludf.DUMMYFUNCTION("""COMPUTED_VALUE"""),"TUNISIE") -> TUNISIE | AJ16: =IFERROR(__xludf.DUMMYFUNCTION("""COMPUTED_VALUE"""),"F1124") -> F1124 | AK16: =IFERROR(__xludf.DUMMYFUNCTION("""COMPUTED_VALUE"""),"Marié(e)") -> Marié(e) | AL16: =IFERROR(__xludf.DUMMYFUNCTION("""COMPUTED_VALUE"""),"Marié(e)") -> Marié(e) | AM16: =IFERROR(__xludf.DUMMYFUNCTION("""COMPUTED_VALUE"""),"F1124") -> F1124
A17: =IFERROR(__xludf.DUMMYFUNCTION("""COMPUTED_VALUE"""),"APACK Nayla") -> APACK Nayla | B17: =IFERROR(__xludf.DUMMYFUNCTION("""COMPUTED_VALUE"""),"APACK") -> APACK | C17: =IFERROR(__xludf.DUMMYFUNCTION("""COMPUTED_VALUE"""),"Nayla") -> Nayla | D17: =IFERROR(__xludf.DUMMYFUNCTION("""COMPUTED_VALUE"""),"1125E1") -> 1125E1 | E17: =IFERROR(__xludf.DUMMYFUNCTION("""COMPUTED_VALUE"""),39626) -> 39626 | F17: =IFERROR(__xludf.DUMMYFUNCTION("""COMPUTED_VALUE"""),"TERMINALE2") -> TERMINALE2 | G17: =IFERROR(__xludf.DUMMYFUNCTION("""COMPUTED_VALUE"""),"Terminale") -> Terminale | H17: =IFERROR(__xludf.DUMMYFUNCTION("""COMPUTED_VALUE"""),"Lycée Français Jacques Prévert de Saly » Lycée » Terminale » Générale") -> Lycée Français Jacques Prévert de Saly » Lycée » Terminale » Générale | I17: =IFERROR(__xludf.DUMMYFUNCTION("""COMPUTED_VALUE"""),"LVA Anglais") -> LVA Anglais | J17: =IFERROR(__xludf.DUMMYFUNCTION("""COMPUTED_VALUE"""),"LVB Espagnol") -> LVB Espagnol | M17: =IFERROR(__xludf.DUMMYFUNCTION("""COMPUTED_VALUE"""),"SPE HGGSP, SPE SES") -> SPE HGGSP, SPE SES | N17: =IFERROR(__xludf.DUMMYFUNCTION("""COMPUTED_VALUE"""),"Fille") -> Fille | P17: =IFERROR(__xludf.DUMMYFUNCTION("""COMPUTED_VALUE"""),"FRANCE") -> FRANCE | Q17: =IFERROR(__xludf.DUMMYFUNCTION("""COMPUTED_VALUE"""),"BELGIQUE") -> BELGIQUE | R17: =IFERROR(__xludf.DUMMYFUNCTION("""COMPUTED_VALUE"""),"nayla.apack@lfjpsaly.org") -> nayla.apack@lfjpsaly.org | T17: =IFERROR(__xludf.DUMMYFUNCTION("""COMPUTED_VALUE"""),"SWEETLOVE Yasmine") -> SWEETLOVE Yasmine | U17: =IFERROR(__xludf.DUMMYFUNCTION("""COMPUTED_VALUE"""),"APACK Philippe") -> APACK Philippe | V17: =IFERROR(__xludf.DUMMYFUNCTION("""COMPUTED_VALUE"""),"yasmine.sweetlove@icloud.com") -> yasmine.sweetlove@icloud.com | W17: =IFERROR(__xludf.DUMMYFUNCTION("""COMPUTED_VALUE"""),"philippe.apack@yahoo.fr") -> philippe.apack@yahoo.fr | X17: =IFERROR(__xludf.DUMMYFUNCTION("""COMPUTED_VALUE"""),"+221 78 388 98 62") -> +221 78 388 98 62 | Y17: =IFERROR(__xludf.DUMMYFUNCTION("""COMPUTED_VALUE"""),"+221 78 483 68 96") -> +221 78 483 68 96 | AB17: =IFERROR(__xludf.DUMMYFUNCTION("""COMPUTED_VALUE"""),28753) -> 28753 | AC17: =IFERROR(__xludf.DUMMYFUNCTION("""COMPUTED_VALUE"""),24494) -> 24494 | AD17: =IFERROR(__xludf.DUMMYFUNCTION("""COMPUTED_VALUE"""),"MERE") -> MERE | AE17: =IFERROR(__xludf.DUMMYFUNCTION("""COMPUTED_VALUE"""),"PERE") -> PERE | AF17: =IFERROR(__xludf.DUMMYFUNCTION("""COMPUTED_VALUE"""),"BELGIQUE") -> BELGIQUE | AG17: =IFERROR(__xludf.DUMMYFUNCTION("""COMPUTED_VALUE"""),"FRANCE") -> FRANCE | AJ17: =IFERROR(__xludf.DUMMYFUNCTION("""COMPUTED_VALUE"""),"F1125") -> F1125 | AK17: =IFERROR(__xludf.DUMMYFUNCTION("""COMPUTED_VALUE"""),"Séparé(e)") -> Séparé(e) | AL17: =IFERROR(__xludf.DUMMYFUNCTION("""COMPUTED_VALUE"""),"Séparé(e)") -> Séparé(e) | AM17: =IFERROR(__xludf.DUMMYFUNCTION("""COMPUTED_VALUE"""),"F1125") -> F1125
A18: =IFERROR(__xludf.DUMMYFUNCTION("""COMPUTED_VALUE"""),"ARRON Hélène") -> ARRON Hélène | B18: =IFERROR(__xludf.DUMMYFUNCTION("""COMPUTED_VALUE"""),"ARRON") -> ARRON | C18: =IFERROR(__xludf.DUMMYFUNCTION("""COMPUTED_VALUE"""),"Hélène") -> Hélène | D18: =IFERROR(__xludf.DUMMYFUNCTION("""COMPUTED_VALUE"""),"1126E1") -> 1126E1 | E18: =IFERROR(__xludf.DUMMYFUNCTION("""COMPUTED_VALUE"""),39704) -> 39704 | F18: =IFERROR(__xludf.DUMMYFUNCTION("""COMPUTED_VALUE"""),"TERMINALE1") -> TERMINALE1 | G18: =IFERROR(__xludf.DUMMYFUNCTION("""COMPUTED_VALUE"""),"Terminale") -> Terminale | H18: =IFERROR(__xludf.DUMMYFUNCTION("""COMPUTED_VALUE"""),"Lycée Français Jacques Prévert de Saly » Lycée » Terminale » Générale") -> Lycée Français Jacques Prévert de Saly » Lycée » Terminale » Générale | I18: =IFERROR(__xludf.DUMMYFUNCTION("""COMPUTED_VALUE"""),"LVA Anglais") -> LVA Anglais | J18: =IFERROR(__xludf.DUMMYFUNCTION("""COMPUTED_VALUE"""),"LVB Espagnol") -> LVB Espagnol | K18: =IFERROR(__xludf.DUMMYFUNCTION("""COMPUTED_VALUE"""),"MATHS EXPERTES") -> MATHS EXPERTES | M18: =IFERROR(__xludf.DUMMYFUNCTION("""COMPUTED_VALUE"""),"SPE MATHS, SPE SVT") -> SPE MATHS, SPE SVT | N18: =IFERROR(__xludf.DUMMYFUNCTION("""COMPUTED_VALUE"""),"Fille") -> Fille | P18: =IFERROR(__xludf.DUMMYFUNCTION("""COMPUTED_VALUE"""),"FRANCE") -> FRANCE | R18: =IFERROR(__xludf.DUMMYFUNCTION("""COMPUTED_VALUE"""),"helene.arron@lfjpsaly.org") -> helene.arron@lfjpsaly.org | T18: =IFERROR(__xludf.DUMMYFUNCTION("""COMPUTED_VALUE"""),"SFEIR Aurélia") -> SFEIR Aurélia | U18: =IFERROR(__xludf.DUMMYFUNCTION("""COMPUTED_VALUE"""),"ARRON Arne") -> ARRON Arne | V18: =IFERROR(__xludf.DUMMYFUNCTION("""COMPUTED_VALUE"""),"aureliasfeir@gmail.com") -> aureliasfeir@gmail.com | W18: =IFERROR(__xludf.DUMMYFUNCTION("""COMPUTED_VALUE"""),"aureliasfeir@gmail.com") -> aureliasfeir@gmail.com | X18: =IFERROR(__xludf.DUMMYFUNCTION("""COMPUTED_VALUE"""),"+221 77 690 99 48") -> +221 77 690 99 48 | Y18: =IFERROR(__xludf.DUMMYFUNCTION("""COMPUTED_VALUE"""),"+221 77 524 54 16") -> +221 77 524 54 16 | AB18: =IFERROR(__xludf.DUMMYFUNCTION("""COMPUTED_VALUE"""),27633) -> 27633 | AC18: =IFERROR(__xludf.DUMMYFUNCTION("""COMPUTED_VALUE"""),30669) -> 30669 | AD18: =IFERROR(__xludf.DUMMYFUNCTION("""COMPUTED_VALUE"""),"MERE") -> MERE | AE18: =IFERROR(__xludf.DUMMYFUNCTION("""COMPUTED_VALUE"""),"PERE") -> PERE | AF18: =IFERROR(__xludf.DUMMYFUNCTION("""COMPUTED_VALUE"""),"FRANCE") -> FRANCE | AG18: =IFERROR(__xludf.DUMMYFUNCTION("""COMPUTED_VALUE"""),"BELGIQUE") -> BELGIQUE | AJ18: =IFERROR(__xludf.DUMMYFUNCTION("""COMPUTED_VALUE"""),"F1126") -> F1126 | AK18: =IFERROR(__xludf.DUMMYFUNCTION("""COMPUTED_VALUE"""),"Divorcée") -> Divorcée | AL18: =IFERROR(__xludf.DUMMYFUNCTION("""COMPUTED_VALUE"""),"Divorcée") -> Divorcée | AM18: =IFERROR(__xludf.DUMMYFUNCTION("""COMPUTED_VALUE"""),"F1126") -> F1126
A19: =IFERROR(__xludf.DUMMYFUNCTION("""COMPUTED_VALUE"""),"ASSELIN Kevin") -> ASSELIN Kevin | B19: =IFERROR(__xludf.DUMMYFUNCTION("""COMPUTED_VALUE"""),"ASSELIN") -> ASSELIN | C19: =IFERROR(__xludf.DUMMYFUNCTION("""COMPUTED_VALUE"""),"Kevin") -> Kevin | D19: =IFERROR(__xludf.DUMMYFUNCTION("""COMPUTED_VALUE"""),"1127E1") -> 1127E1 | E19: =IFERROR(__xludf.DUMMYFUNCTION("""COMPUTED_VALUE"""),41257) -> 41257 | F19: =IFERROR(__xludf.DUMMYFUNCTION("""COMPUTED_VALUE"""),"4EME1") -> 4EME1 | G19: =IFERROR(__xludf.DUMMYFUNCTION("""COMPUTED_VALUE"""),"4ème") -> 4ème | H19: =IFERROR(__xludf.DUMMYFUNCTION("""COMPUTED_VALUE"""),"Lycée Français Jacques Prévert de Saly » Collège » 4ème » Générale") -> Lycée Français Jacques Prévert de Saly » Collège » 4ème » Générale | I19: =IFERROR(__xludf.DUMMYFUNCTION("""COMPUTED_VALUE"""),"LVA Anglais") -> LVA Anglais | J19: =IFERROR(__xludf.DUMMYFUNCTION("""COMPUTED_VALUE"""),"LVB Espagnol") -> LVB Espagnol | N19: =IFERROR(__xludf.DUMMYFUNCTION("""COMPUTED_VALUE"""),"Garçon") -> Garçon | P19: =IFERROR(__xludf.DUMMYFUNCTION("""COMPUTED_VALUE"""),"FRANCE") -> FRANCE | Q19: =IFERROR(__xludf.DUMMYFUNCTION("""COMPUTED_VALUE"""),"SENEGAL") -> SENEGAL | R19: =IFERROR(__xludf.DUMMYFUNCTION("""COMPUTED_VALUE"""),"kevin.asselin@lfjpsaly.org") -> kevin.asselin@lfjpsaly.org | T19: =IFERROR(__xludf.DUMMYFUNCTION("""COMPUTED_VALUE"""),"ASSELIN Andre") -> ASSELIN Andre | U19: =IFERROR(__xludf.DUMMYFUNCTION("""COMPUTED_VALUE"""),"TOMBO Annela") -> TOMBO Annela | V19: =IFERROR(__xludf.DUMMYFUNCTION("""COMPUTED_VALUE"""),"chaletduchocolat@orange.fr") -> chaletduchocolat@orange.fr | W19: =IFERROR(__xludf.DUMMYFUNCTION("""COMPUTED_VALUE"""),"anneladania@gmail.com") -> anneladania@gmail.com | X19: =IFERROR(__xludf.DUMMYFUNCTION("""COMPUTED_VALUE"""),"+33 6 85 33 89 77") -> +33 6 85 33 89 77 | Y19: =IFERROR(__xludf.DUMMYFUNCTION("""COMPUTED_VALUE"""),"+221 77 765 02 17") -> +221 77 765 02 17 | Z19: =IFERROR(__xludf.DUMMYFUNCTION("""COMPUTED_VALUE"""),"+221 77 766 37 60") -> +221 77 766 37 60 | AA19: =IFERROR(__xludf.DUMMYFUNCTION("""COMPUTED_VALUE"""),"+221 78 125 25 60") -> +221 78 125 25 60 | AB19: =IFERROR(__xludf.DUMMYFUNCTION("""COMPUTED_VALUE"""),20793) -> 20793 | AC19: =IFERROR(__xludf.DUMMYFUNCTION("""COMPUTED_VALUE"""),35069) -> 35069 | AD19: =IFERROR(__xludf.DUMMYFUNCTION("""COMPUTED_VALUE"""),"PERE") -> PERE | AE19: =IFERROR(__xludf.DUMMYFUNCTION("""COMPUTED_VALUE"""),"AUTRE LIEN") -> AUTRE LIEN | AF19: =IFERROR(__xludf.DUMMYFUNCTION("""COMPUTED_VALUE"""),"FRANCE") -> FRANCE | AG19: =IFERROR(__xludf.DUMMYFUNCTION("""COMPUTED_VALUE"""),"MADAGASCAR") -> MADAGASCAR | AJ19: =IFERROR(__xludf.DUMMYFUNCTION("""COMPUTED_VALUE"""),"F1127") -> F1127 | AK19: =IFERROR(__xludf.DUMMYFUNCTION("""COMPUTED_VALUE"""),"Divorcée") -> Divorcée | AL19: =IFERROR(__xludf.DUMMYFUNCTION("""COMPUTED_VALUE"""),"Célibataire") -> Célibataire | AM19: =IFERROR(__xludf.DUMMYFUNCTION("""COMPUTED_VALUE"""),"F1127") -> F1127
A20: =IFERROR(__xludf.DUMMYFUNCTION("""COMPUTED_VALUE"""),"AUBRY Albert Akoi Agamemnon") -> AUBRY Albert Akoi Agamemnon | B20: =IFERROR(__xludf.DUMMYFUNCTION("""COMPUTED_VALUE"""),"AUBRY") -> AUBRY | C20: =IFERROR(__xludf.DUMMYFUNCTION("""COMPUTED_VALUE"""),"Albert Akoi Agamemnon") -> Albert Akoi Agamemnon | D20: =IFERROR(__xludf.DUMMYFUNCTION("""COMPUTED_VALUE"""),"1128E2") -> 1128E2 | E20: =IFERROR(__xludf.DUMMYFUNCTION("""COMPUTED_VALUE"""),40555) -> 40555 | F20: =IFERROR(__xludf.DUMMYFUNCTION("""COMPUTED_VALUE"""),"3EME1") -> 3EME1 | G20: =IFERROR(__xludf.DUMMYFUNCTION("""COMPUTED_VALUE"""),"3ème") -> 3ème | H20: =IFERROR(__xludf.DUMMYFUNCTION("""COMPUTED_VALUE"""),"Lycée Français Jacques Prévert de Saly » Collège » 3ème » Générale") -> Lycée Français Jacques Prévert de Saly » Collège » 3ème » Générale | I20: =IFERROR(__xludf.DUMMYFUNCTION("""COMPUTED_VALUE"""),"LVA Anglais") -> LVA Anglais | J20: =IFERROR(__xludf.DUMMYFUNCTION("""COMPUTED_VALUE"""),"LVB Espagnol") -> LVB Espagnol | N20: =IFERROR(__xludf.DUMMYFUNCTION("""COMPUTED_VALUE"""),"Garçon") -> Garçon | P20: =IFERROR(__xludf.DUMMYFUNCTION("""COMPUTED_VALUE"""),"FRANCE") -> FRANCE | Q20: =IFERROR(__xludf.DUMMYFUNCTION("""COMPUTED_VALUE"""),"LIBERIA") -> LIBERIA | R20: =IFERROR(__xludf.DUMMYFUNCTION("""COMPUTED_VALUE"""),"albert.aubry@lfjpsaly.org") -> albert.aubry@lfjpsaly.org | T20: =IFERROR(__xludf.DUMMYFUNCTION("""COMPUTED_VALUE"""),"AUBRY Alexandre") -> AUBRY Alexandre | U20: =IFERROR(__xludf.DUMMYFUNCTION("""COMPUTED_VALUE"""),"AUBRY Soenie") -> AUBRY Soenie | V20: =IFERROR(__xludf.DUMMYFUNCTION("""COMPUTED_VALUE"""),"alexaubry.africa@gmail.com") -> alexaubry.africa@gmail.com | W20: =IFERROR(__xludf.DUMMYFUNCTION("""COMPUTED_VALUE"""),"asoenie@yahoo.com") -> asoenie@yahoo.com | X20: =IFERROR(__xludf.DUMMYFUNCTION("""COMPUTED_VALUE"""),"+221 77 333 22 22") -> +221 77 333 22 22 | Y20: =IFERROR(__xludf.DUMMYFUNCTION("""COMPUTED_VALUE"""),"+221 77 299 74 70") -> +221 77 299 74 70 | Z20: =IFERROR(__xludf.DUMMYFUNCTION("""COMPUTED_VALUE"""),"+221") -> +221 | AB20: =IFERROR(__xludf.DUMMYFUNCTION("""COMPUTED_VALUE"""),28575) -> 28575 | AC20: =IFERROR(__xludf.DUMMYFUNCTION("""COMPUTED_VALUE"""),30535) -> 30535 | AD20: =IFERROR(__xludf.DUMMYFUNCTION("""COMPUTED_VALUE"""),"PERE") -> PERE | AE20: =IFERROR(__xludf.DUMMYFUNCTION("""COMPUTED_VALUE"""),"MERE") -> MERE | AF20: =IFERROR(__xludf.DUMMYFUNCTION("""COMPUTED_VALUE"""),"FRANCE") -> FRANCE | AG20: =IFERROR(__xludf.DUMMYFUNCTION("""COMPUTED_VALUE"""),"LIBERIA") -> LIBERIA | AJ20: =IFERROR(__xludf.DUMMYFUNCTION("""COMPUTED_VALUE"""),"F1128") -> F1128 | AK20: =IFERROR(__xludf.DUMMYFUNCTION("""COMPUTED_VALUE"""),"Marié(e)") -> Marié(e) | AL20: =IFERROR(__xludf.DUMMYFUNCTION("""COMPUTED_VALUE"""),"Marié(e)") -> Marié(e) | AM20: =IFERROR(__xludf.DUMMYFUNCTION("""COMPUTED_VALUE"""),"F1128") -> F1128
A21: =IFERROR(__xludf.DUMMYFUNCTION("""COMPUTED_VALUE"""),"AUBRY Nikita Aesseh Athena") -> AUBRY Nikita Aesseh Athena | B21: =IFERROR(__xludf.DUMMYFUNCTION("""COMPUTED_VALUE"""),"AUBRY") -> AUBRY | C21: =IFERROR(__xludf.DUMMYFUNCTION("""COMPUTED_VALUE"""),"Nikita Aesseh Athena") -> Nikita Aesseh Athena | D21: =IFERROR(__xludf.DUMMYFUNCTION("""COMPUTED_VALUE"""),"1128E3") -> 1128E3 | E21: =IFERROR(__xludf.DUMMYFUNCTION("""COMPUTED_VALUE"""),41359) -> 41359 | F21: =IFERROR(__xludf.DUMMYFUNCTION("""COMPUTED_VALUE"""),"5EME1") -> 5EME1 | G21: =IFERROR(__xludf.DUMMYFUNCTION("""COMPUTED_VALUE"""),"5ème") -> 5ème | H21: =IFERROR(__xludf.DUMMYFUNCTION("""COMPUTED_VALUE"""),"Lycée Français Jacques Prévert de Saly » Collège » 5ème » Générale") -> Lycée Français Jacques Prévert de Saly » Collège » 5ème » Générale | I21: =IFERROR(__xludf.DUMMYFUNCTION("""COMPUTED_VALUE"""),"LVA Anglais") -> LVA Anglais | J21: =IFERROR(__xludf.DUMMYFUNCTION("""COMPUTED_VALUE"""),"LVB Espagnol") -> LVB Espagnol | N21: =IFERROR(__xludf.DUMMYFUNCTION("""COMPUTED_VALUE"""),"Fille") -> Fille | P21: =IFERROR(__xludf.DUMMYFUNCTION("""COMPUTED_VALUE"""),"FRANCE") -> FRANCE | Q21: =IFERROR(__xludf.DUMMYFUNCTION("""COMPUTED_VALUE"""),"LIBERIA") -> LIBERIA | R21: =IFERROR(__xludf.DUMMYFUNCTION("""COMPUTED_VALUE"""),"nikita.aubry@lfjpsaly.org") -> nikita.aubry@lfjpsaly.org | T21: =IFERROR(__xludf.DUMMYFUNCTION("""COMPUTED_VALUE"""),"AUBRY Alexandre") -> AUBRY Alexandre | U21: =IFERROR(__xludf.DUMMYFUNCTION("""COMPUTED_VALUE"""),"AUBRY Soenie") -> AUBRY Soenie | V21: =IFERROR(__xludf.DUMMYFUNCTION("""COMPUTED_VALUE"""),"alexaubry.africa@gmail.com") -> alexaubry.africa@gmail.com | W21: =IFERROR(__xludf.DUMMYFUNCTION("""COMPUTED_VALUE"""),"asoenie@yahoo.com") -> asoenie@yahoo.com | X21: =IFERROR(__xludf.DUMMYFUNCTION("""COMPUTED_VALUE"""),"+221 77 333 22 22") -> +221 77 333 22 22 | Y21: =IFERROR(__xludf.DUMMYFUNCTION("""COMPUTED_VALUE"""),"+221 77 299 74 70") -> +221 77 299 74 70 | Z21: =IFERROR(__xludf.DUMMYFUNCTION("""COMPUTED_VALUE"""),"+221") -> +221 | AB21: =IFERROR(__xludf.DUMMYFUNCTION("""COMPUTED_VALUE"""),28575) -> 28575 | AC21: =IFERROR(__xludf.DUMMYFUNCTION("""COMPUTED_VALUE"""),30535) -> 30535 | AD21: =IFERROR(__xludf.DUMMYFUNCTION("""COMPUTED_VALUE"""),"PERE") -> PERE | AE21: =IFERROR(__xludf.DUMMYFUNCTION("""COMPUTED_VALUE"""),"MERE") -> MERE | AF21: =IFERROR(__xludf.DUMMYFUNCTION("""COMPUTED_VALUE"""),"FRANCE") -> FRANCE | AG21: =IFERROR(__xludf.DUMMYFUNCTION("""COMPUTED_VALUE"""),"LIBERIA") -> LIBERIA | AJ21: =IFERROR(__xludf.DUMMYFUNCTION("""COMPUTED_VALUE"""),"F1128") -> F1128 | AK21: =IFERROR(__xludf.DUMMYFUNCTION("""COMPUTED_VALUE"""),"Marié(e)") -> Marié(e) | AL21: =IFERROR(__xludf.DUMMYFUNCTION("""COMPUTED_VALUE"""),"Marié(e)") -> Marié(e) | AM21: =IFERROR(__xludf.DUMMYFUNCTION("""COMPUTED_VALUE"""),"F1128") -> F1128
A22: =IFERROR(__xludf.DUMMYFUNCTION("""COMPUTED_VALUE"""),"AUBRY Talli Wolnlal Artemis") -> AUBRY Talli Wolnlal Artemis | B22: =IFERROR(__xludf.DUMMYFUNCTION("""COMPUTED_VALUE"""),"AUBRY") -> AUBRY | C22: =IFERROR(__xludf.DUMMYFUNCTION("""COMPUTED_VALUE"""),"Talli Wolnlal Artemis") -> Talli Wolnlal Artemis | D22: =IFERROR(__xludf.DUMMYFUNCTION("""COMPUTED_VALUE"""),"1128E1") -> 1128E1 | E22: =IFERROR(__xludf.DUMMYFUNCTION("""COMPUTED_VALUE"""),42048) -> 42048 | F22: =IFERROR(__xludf.DUMMYFUNCTION("""COMPUTED_VALUE"""),"CM2A") -> CM2A | G22: =IFERROR(__xludf.DUMMYFUNCTION("""COMPUTED_VALUE"""),"CM2") -> CM2 | H22: =IFERROR(__xludf.DUMMYFUNCTION("""COMPUTED_VALUE"""),"Lycée Français Jacques Prévert de Saly » Elémentaire » CM2 » Générale") -> Lycée Français Jacques Prévert de Saly » Elémentaire » CM2 » Générale | N22: =IFERROR(__xludf.DUMMYFUNCTION("""COMPUTED_VALUE"""),"Fille") -> Fille | P22: =IFERROR(__xludf.DUMMYFUNCTION("""COMPUTED_VALUE"""),"FRANCE") -> FRANCE | Q22: =IFERROR(__xludf.DUMMYFUNCTION("""COMPUTED_VALUE"""),"LIBERIA") -> LIBERIA | T22: =IFERROR(__xludf.DUMMYFUNCTION("""COMPUTED_VALUE"""),"AUBRY Alexandre") -> AUBRY Alexandre | U22: =IFERROR(__xludf.DUMMYFUNCTION("""COMPUTED_VALUE"""),"AUBRY Soenie") -> AUBRY Soenie | V22: =IFERROR(__xludf.DUMMYFUNCTION("""COMPUTED_VALUE"""),"alexaubry.africa@gmail.com") -> alexaubry.africa@gmail.com | W22: =IFERROR(__xludf.DUMMYFUNCTION("""COMPUTED_VALUE"""),"asoenie@yahoo.com") -> asoenie@yahoo.com | X22: =IFERROR(__xludf.DUMMYFUNCTION("""COMPUTED_VALUE"""),"+221 77 333 22 22") -> +221 77 333 22 22 | Y22: =IFERROR(__xludf.DUMMYFUNCTION("""COMPUTED_VALUE"""),"+221 77 299 74 70") -> +221 77 299 74 70 | Z22: =IFERROR(__xludf.DUMMYFUNCTION("""COMPUTED_VALUE"""),"+221") -> +221 | AB22: =IFERROR(__xludf.DUMMYFUNCTION("""COMPUTED_VALUE"""),28575) -> 28575 | AC22: =IFERROR(__xludf.DUMMYFUNCTION("""COMPUTED_VALUE"""),30535) -> 30535 | AD22: =IFERROR(__xludf.DUMMYFUNCTION("""COMPUTED_VALUE"""),"PERE") -> PERE | AE22: =IFERROR(__xludf.DUMMYFUNCTION("""COMPUTED_VALUE"""),"MERE") -> MERE | AF22: =IFERROR(__xludf.DUMMYFUNCTION("""COMPUTED_VALUE"""),"FRANCE") -> FRANCE | AG22: =IFERROR(__xludf.DUMMYFUNCTION("""COMPUTED_VALUE"""),"LIBERIA") -> LIBERIA | AJ22: =IFERROR(__xludf.DUMMYFUNCTION("""COMPUTED_VALUE"""),"F1128") -> F1128 | AK22: =IFERROR(__xludf.DUMMYFUNCTION("""COMPUTED_VALUE"""),"Marié(e)") -> Marié(e) | AL22: =IFERROR(__xludf.DUMMYFUNCTION("""COMPUTED_VALUE"""),"Marié(e)") -> Marié(e) | AM22: =IFERROR(__xludf.DUMMYFUNCTION("""COMPUTED_VALUE"""),"F1128") -> F1128
A23: =IFERROR(__xludf.DUMMYFUNCTION("""COMPUTED_VALUE"""),"BA Abygaëlle Bilel") -> BA Abygaëlle Bilel | B23: =IFERROR(__xludf.DUMMYFUNCTION("""COMPUTED_VALUE"""),"BA") -> BA | C23: =IFERROR(__xludf.DUMMYFUNCTION("""COMPUTED_VALUE"""),"Abygaëlle Bilel") -> Abygaëlle Bilel | D23: =IFERROR(__xludf.DUMMYFUNCTION("""COMPUTED_VALUE"""),"1133E1") -> 1133E1 | E23: =IFERROR(__xludf.DUMMYFUNCTION("""COMPUTED_VALUE"""),40749) -> 40749 | F23: =IFERROR(__xludf.DUMMYFUNCTION("""COMPUTED_VALUE"""),"3EME2") -> 3EME2 | G23: =IFERROR(__xludf.DUMMYFUNCTION("""COMPUTED_VALUE"""),"3ème") -> 3ème | H23: =IFERROR(__xludf.DUMMYFUNCTION("""COMPUTED_VALUE"""),"Lycée Français Jacques Prévert de Saly » Collège » 3ème » Générale") -> Lycée Français Jacques Prévert de Saly » Collège » 3ème » Générale | I23: =IFERROR(__xludf.DUMMYFUNCTION("""COMPUTED_VALUE"""),"LVA Anglais") -> LVA Anglais | J23: =IFERROR(__xludf.DUMMYFUNCTION("""COMPUTED_VALUE"""),"LVB Espagnol") -> LVB Espagnol | N23: =IFERROR(__xludf.DUMMYFUNCTION("""COMPUTED_VALUE"""),"Fille") -> Fille | P23: =IFERROR(__xludf.DUMMYFUNCTION("""COMPUTED_VALUE"""),"FRANCE") -> FRANCE | Q23: =IFERROR(__xludf.DUMMYFUNCTION("""COMPUTED_VALUE"""),"SENEGAL") -> SENEGAL | R23: =IFERROR(__xludf.DUMMYFUNCTION("""COMPUTED_VALUE"""),"abygaelle.ba@lfjpsaly.org") -> abygaelle.ba@lfjpsaly.org | S23: =IFERROR(__xludf.DUMMYFUNCTION("""COMPUTED_VALUE"""),"+221 77 789 94 46") -> +221 77 789 94 46 | T23: =IFERROR(__xludf.DUMMYFUNCTION("""COMPUTED_VALUE"""),"BA Thérèse Mayé") -> BA Thérèse Mayé | U23: =IFERROR(__xludf.DUMMYFUNCTION("""COMPUTED_VALUE"""),"BA Abdoulaye") -> BA Abdoulaye | V23: =IFERROR(__xludf.DUMMYFUNCTION("""COMPUTED_VALUE"""),"growinglifefarm@gmail.com") -> growinglifefarm@gmail.com | W23: =IFERROR(__xludf.DUMMYFUNCTION("""COMPUTED_VALUE"""),"abdoulaye_ba@hotmail.com") -> abdoulaye_ba@hotmail.com | X23: =IFERROR(__xludf.DUMMYFUNCTION("""COMPUTED_VALUE"""),"+221 77 789 94 46") -> +221 77 789 94 46 | Y23: =IFERROR(__xludf.DUMMYFUNCTION("""COMPUTED_VALUE"""),"+221 77 118 23 82") -> +221 77 118 23 82 | Z23: =IFERROR(__xludf.DUMMYFUNCTION("""COMPUTED_VALUE"""),"+221") -> +221 | AB23: =IFERROR(__xludf.DUMMYFUNCTION("""COMPUTED_VALUE"""),26551) -> 26551 | AC23: =IFERROR(__xludf.DUMMYFUNCTION("""COMPUTED_VALUE"""),18647) -> 18647 | AD23: =IFERROR(__xludf.DUMMYFUNCTION("""COMPUTED_VALUE"""),"MERE") -> MERE | AE23: =IFERROR(__xludf.DUMMYFUNCTION("""COMPUTED_VALUE"""),"PERE") -> PERE | AF23: =IFERROR(__xludf.DUMMYFUNCTION("""COMPUTED_VALUE"""),"SENEGAL") -> SENEGAL | AG23: =IFERROR(__xludf.DUMMYFUNCTION("""COMPUTED_VALUE"""),"FRANCE") -> FRANCE | AH23: =IFERROR(__xludf.DUMMYFUNCTION("""COMPUTED_VALUE"""),"SENEGAL") -> SENEGAL | AI23: =IFERROR(__xludf.DUMMYFUNCTION("""COMPUTED_VALUE"""),"SENEGAL") -> SENEGAL | AJ23: =IFERROR(__xludf.DUMMYFUNCTION("""COMPUTED_VALUE"""),"F1133") -> F1133 | AK23: =IFERROR(__xludf.DUMMYFUNCTION("""COMPUTED_VALUE"""),"Marié(e)") -> Marié(e) | AL23: =IFERROR(__xludf.DUMMYFUNCTION("""COMPUTED_VALUE"""),"Marié(e)") -> Marié(e) | AM23: =IFERROR(__xludf.DUMMYFUNCTION("""COMPUTED_VALUE"""),"F1133") -> F1133
A24: =IFERROR(__xludf.DUMMYFUNCTION("""COMPUTED_VALUE"""),"BA Coumba") -> BA Coumba | B24: =IFERROR(__xludf.DUMMYFUNCTION("""COMPUTED_VALUE"""),"BA") -> BA | C24: =IFERROR(__xludf.DUMMYFUNCTION("""COMPUTED_VALUE"""),"Coumba") -> Coumba | D24: =IFERROR(__xludf.DUMMYFUNCTION("""COMPUTED_VALUE"""),"1136E1") -> 1136E1 | E24: =IFERROR(__xludf.DUMMYFUNCTION("""COMPUTED_VALUE"""),41168) -> 41168 | F24: =IFERROR(__xludf.DUMMYFUNCTION("""COMPUTED_VALUE"""),"5EME1") -> 5EME1 | G24: =IFERROR(__xludf.DUMMYFUNCTION("""COMPUTED_VALUE"""),"5ème") -> 5ème | H24: =IFERROR(__xludf.DUMMYFUNCTION("""COMPUTED_VALUE"""),"Lycée Français Jacques Prévert de Saly » Collège » 5ème » Générale") -> Lycée Français Jacques Prévert de Saly » Collège » 5ème » Générale | I24: =IFERROR(__xludf.DUMMYFUNCTION("""COMPUTED_VALUE"""),"LVA Anglais") -> LVA Anglais | J24: =IFERROR(__xludf.DUMMYFUNCTION("""COMPUTED_VALUE"""),"LVB Espagnol") -> LVB Espagnol | N24: =IFERROR(__xludf.DUMMYFUNCTION("""COMPUTED_VALUE"""),"Fille") -> Fille | P24: =IFERROR(__xludf.DUMMYFUNCTION("""COMPUTED_VALUE"""),"SENEGAL") -> SENEGAL | Q24: =IFERROR(__xludf.DUMMYFUNCTION("""COMPUTED_VALUE"""),"SENEGAL") -> SENEGAL | R24: =IFERROR(__xludf.DUMMYFUNCTION("""COMPUTED_VALUE"""),"coumba.ba@lfjpsaly.org") -> coumba.ba@lfjpsaly.org | S24: =IFERROR(__xludf.DUMMYFUNCTION("""COMPUTED_VALUE"""),"+221 77 360 18 35") -> +221 77 360 18 35 | T24: =IFERROR(__xludf.DUMMYFUNCTION("""COMPUTED_VALUE"""),"BA Ndeye Diaty") -> BA Ndeye Diaty | U24: =IFERROR(__xludf.DUMMYFUNCTION("""COMPUTED_VALUE"""),"LEWYLLIE Hlodwig") -> LEWYLLIE Hlodwig | V24: =IFERROR(__xludf.DUMMYFUNCTION("""COMPUTED_VALUE"""),"airbnb@o-cupidon-dore.com") -> airbnb@o-cupidon-dore.com | W24: =IFERROR(__xludf.DUMMYFUNCTION("""COMPUTED_VALUE"""),"airbnb@o-cupidon-dore.com") -> airbnb@o-cupidon-dore.com | X24: =IFERROR(__xludf.DUMMYFUNCTION("""COMPUTED_VALUE"""),"+221 77 360 18 35") -> +221 77 360 18 35 | Y24: =IFERROR(__xludf.DUMMYFUNCTION("""COMPUTED_VALUE"""),"+32 492 88 73 33") -> +32 492 88 73 33 | Z24: =IFERROR(__xludf.DUMMYFUNCTION("""COMPUTED_VALUE"""),"+221 77 360 18 35") -> +221 77 360 18 35 | AA24: =IFERROR(__xludf.DUMMYFUNCTION("""COMPUTED_VALUE"""),"+221 78 100 88 65") -> +221 78 100 88 65 | AB24: =IFERROR(__xludf.DUMMYFUNCTION("""COMPUTED_VALUE"""),25865) -> 25865 | AC24: =IFERROR(__xludf.DUMMYFUNCTION("""COMPUTED_VALUE"""),22922) -> 22922 | AD24: =IFERROR(__xludf.DUMMYFUNCTION("""COMPUTED_VALUE"""),"MERE") -> MERE | AE24: =IFERROR(__xludf.DUMMYFUNCTION("""COMPUTED_VALUE"""),"AUTRE LIEN") -> AUTRE LIEN | AF24: =IFERROR(__xludf.DUMMYFUNCTION("""COMPUTED_VALUE"""),"SENEGAL") -> SENEGAL | AG24: =IFERROR(__xludf.DUMMYFUNCTION("""COMPUTED_VALUE"""),"BELGIQUE") -> BELGIQUE | AH24: =IFERROR(__xludf.DUMMYFUNCTION("""COMPUTED_VALUE"""),"BELGIQUE") -> BELGIQUE | AJ24: =IFERROR(__xludf.DUMMYFUNCTION("""COMPUTED_VALUE"""),"F1136") -> F1136 | AK24: =IFERROR(__xludf.DUMMYFUNCTION("""COMPUTED_VALUE"""),"Marié(e)") -> Marié(e) | AL24: =IFERROR(__xludf.DUMMYFUNCTION("""COMPUTED_VALUE"""),"Marié(e)") -> Marié(e) | AM24: =IFERROR(__xludf.DUMMYFUNCTION("""COMPUTED_VALUE"""),"F1136") -> F1136
A25: =IFERROR(__xludf.DUMMYFUNCTION("""COMPUTED_VALUE"""),"BA Debo") -> BA Debo | B25: =IFERROR(__xludf.DUMMYFUNCTION("""COMPUTED_VALUE"""),"BA") -> BA | C25: =IFERROR(__xludf.DUMMYFUNCTION("""COMPUTED_VALUE"""),"Debo") -> Debo | D25: =IFERROR(__xludf.DUMMYFUNCTION("""COMPUTED_VALUE"""),"1142E1") -> 1142E1 | E25: =IFERROR(__xludf.DUMMYFUNCTION("""COMPUTED_VALUE"""),42966) -> 42966 | F25: =IFERROR(__xludf.DUMMYFUNCTION("""COMPUTED_VALUE"""),"CP-CE2") -> CP-CE2 | G25: =IFERROR(__xludf.DUMMYFUNCTION("""COMPUTED_VALUE"""),"CE2") -> CE2 | H25: =IFERROR(__xludf.DUMMYFUNCTION("""COMPUTED_VALUE"""),"Lycée Français Jacques Prévert de Saly » Elémentaire » CE2 » Générale") -> Lycée Français Jacques Prévert de Saly » Elémentaire » CE2 » Générale | N25: =IFERROR(__xludf.DUMMYFUNCTION("""COMPUTED_VALUE"""),"Fille") -> Fille | P25: =IFERROR(__xludf.DUMMYFUNCTION("""COMPUTED_VALUE"""),"SENEGAL") -> SENEGAL | T25: =IFERROR(__xludf.DUMMYFUNCTION("""COMPUTED_VALUE"""),"BA Chérif Habidine") -> BA Chérif Habidine | U25: =IFERROR(__xludf.DUMMYFUNCTION("""COMPUTED_VALUE"""),"KAMARA Ndèye Aïssatou") -> KAMARA Ndèye Aïssatou | V25: =IFERROR(__xludf.DUMMYFUNCTION("""COMPUTED_VALUE"""),"cherifhabidineba@hotmail.com") -> cherifhabidineba@hotmail.com | W25: =IFERROR(__xludf.DUMMYFUNCTION("""COMPUTED_VALUE"""),"aissatoukamara@yahoo.fr") -> aissatoukamara@yahoo.fr | X25: =IFERROR(__xludf.DUMMYFUNCTION("""COMPUTED_VALUE"""),"+221 77 562 76 34") -> +221 77 562 76 34 | Y25: =IFERROR(__xludf.DUMMYFUNCTION("""COMPUTED_VALUE"""),"+221 77 649 29 52") -> +221 77 649 29 52 | AB25: =IFERROR(__xludf.DUMMYFUNCTION("""COMPUTED_VALUE"""),27218) -> 27218 | AC25: =IFERROR(__xludf.DUMMYFUNCTION("""COMPUTED_VALUE"""),28728) -> 28728 | AD25: =IFERROR(__xludf.DUMMYFUNCTION("""COMPUTED_VALUE"""),"PERE") -> PERE | AE25: =IFERROR(__xludf.DUMMYFUNCTION("""COMPUTED_VALUE"""),"MERE") -> MERE | AF25: =IFERROR(__xludf.DUMMYFUNCTION("""COMPUTED_VALUE"""),"SENEGAL") -> SENEGAL | AG25: =IFERROR(__xludf.DUMMYFUNCTION("""COMPUTED_VALUE"""),"SENEGAL") -> SENEGAL | AJ25: =IFERROR(__xludf.DUMMYFUNCTION("""COMPUTED_VALUE"""),"F1142") -> F1142 | AK25: =IFERROR(__xludf.DUMMYFUNCTION("""COMPUTED_VALUE"""),"Marié(e)") -> Marié(e) | AL25: =IFERROR(__xludf.DUMMYFUNCTION("""COMPUTED_VALUE"""),"Marié(e)") -> Marié(e) | AM25: =IFERROR(__xludf.DUMMYFUNCTION("""COMPUTED_VALUE"""),"F1142") -> F1142
A26: =IFERROR(__xludf.DUMMYFUNCTION("""COMPUTED_VALUE"""),"BA Fadhel Alexis") -> BA Fadhel Alexis | B26: =IFERROR(__xludf.DUMMYFUNCTION("""COMPUTED_VALUE"""),"BA") -> BA | C26: =IFERROR(__xludf.DUMMYFUNCTION("""COMPUTED_VALUE"""),"Fadhel Alexis") -> Fadhel Alexis | D26: =IFERROR(__xludf.DUMMYFUNCTION("""COMPUTED_VALUE"""),"1156E1") -> 1156E1 | E26: =IFERROR(__xludf.DUMMYFUNCTION("""COMPUTED_VALUE"""),41612) -> 41612 | F26: =IFERROR(__xludf.DUMMYFUNCTION("""COMPUTED_VALUE"""),"5EME2") -> 5EME2 | G26: =IFERROR(__xludf.DUMMYFUNCTION("""COMPUTED_VALUE"""),"5ème") -> 5ème | H26: =IFERROR(__xludf.DUMMYFUNCTION("""COMPUTED_VALUE"""),"Lycée Français Jacques Prévert de Saly » Collège » 5ème » Générale") -> Lycée Français Jacques Prévert de Saly » Collège » 5ème » Générale | I26: =IFERROR(__xludf.DUMMYFUNCTION("""COMPUTED_VALUE"""),"LVA Anglais") -> LVA Anglais | J26: =IFERROR(__xludf.DUMMYFUNCTION("""COMPUTED_VALUE"""),"LVB Espagnol") -> LVB Espagnol | N26: =IFERROR(__xludf.DUMMYFUNCTION("""COMPUTED_VALUE"""),"Garçon") -> Garçon | P26: =IFERROR(__xludf.DUMMYFUNCTION("""COMPUTED_VALUE"""),"BELGIQUE") -> BELGIQUE | Q26: =IFERROR(__xludf.DUMMYFUNCTION("""COMPUTED_VALUE"""),"SENEGAL") -> SENEGAL | R26: =IFERROR(__xludf.DUMMYFUNCTION("""COMPUTED_VALUE"""),"fadhel.ba@lfjpsaly.org") -> fadhel.ba@lfjpsaly.org | T26: =IFERROR(__xludf.DUMMYFUNCTION("""COMPUTED_VALUE"""),"D'HONDT Chandrika") -> D'HONDT Chandrika | U26: =IFERROR(__xludf.DUMMYFUNCTION("""COMPUTED_VALUE"""),"BA Amadou") -> BA Amadou | V26: =IFERROR(__xludf.DUMMYFUNCTION("""COMPUTED_VALUE"""),"dhondtchandrika@gmail.com") -> dhondtchandrika@gmail.com | W26: =IFERROR(__xludf.DUMMYFUNCTION("""COMPUTED_VALUE"""),"papispapisba@gmail.com") -> papispapisba@gmail.com | X26: =IFERROR(__xludf.DUMMYFUNCTION("""COMPUTED_VALUE"""),"+221 77 277 29 97") -> +221 77 277 29 97 | Y26: =IFERROR(__xludf.DUMMYFUNCTION("""COMPUTED_VALUE"""),"+221 77 596 27 37") -> +221 77 596 27 37 | Z26: =IFERROR(__xludf.DUMMYFUNCTION("""COMPUTED_VALUE"""),"+221 77 596 27 37") -> +221 77 596 27 37 | AA26: =IFERROR(__xludf.DUMMYFUNCTION("""COMPUTED_VALUE"""),"+221 77 277 29 97") -> +221 77 277 29 97 | AB26: =IFERROR(__xludf.DUMMYFUNCTION("""COMPUTED_VALUE"""),25819) -> 25819 | AC26: =IFERROR(__xludf.DUMMYFUNCTION("""COMPUTED_VALUE"""),26697) -> 26697 | AD26: =IFERROR(__xludf.DUMMYFUNCTION("""COMPUTED_VALUE"""),"MERE") -> MERE | AE26: =IFERROR(__xludf.DUMMYFUNCTION("""COMPUTED_VALUE"""),"PERE") -> PERE | AF26: =IFERROR(__xludf.DUMMYFUNCTION("""COMPUTED_VALUE"""),"BELGIQUE") -> BELGIQUE | AG26: =IFERROR(__xludf.DUMMYFUNCTION("""COMPUTED_VALUE"""),"SENEGAL") -> SENEGAL | AI26: =IFERROR(__xludf.DUMMYFUNCTION("""COMPUTED_VALUE"""),"SENEGAL") -> SENEGAL | AJ26: =IFERROR(__xludf.DUMMYFUNCTION("""COMPUTED_VALUE"""),"F1156") -> F1156 | AK26: =IFERROR(__xludf.DUMMYFUNCTION("""COMPUTED_VALUE"""),"Marié(e)") -> Marié(e) | AL26: =IFERROR(__xludf.DUMMYFUNCTION("""COMPUTED_VALUE"""),"Marié(e)") -> Marié(e) | AM26: =IFERROR(__xludf.DUMMYFUNCTION("""COMPUTED_VALUE"""),"F1156") -> F1156
A27: =IFERROR(__xludf.DUMMYFUNCTION("""COMPUTED_VALUE"""),"BA Ismaël") -> BA Ismaël | B27: =IFERROR(__xludf.DUMMYFUNCTION("""COMPUTED_VALUE"""),"BA") -> BA | C27: =IFERROR(__xludf.DUMMYFUNCTION("""COMPUTED_VALUE"""),"Ismaël") -> Ismaël | D27: =IFERROR(__xludf.DUMMYFUNCTION("""COMPUTED_VALUE"""),"1631E1") -> 1631E1 | E27: =IFERROR(__xludf.DUMMYFUNCTION("""COMPUTED_VALUE"""),43734) -> 43734 | F27: =IFERROR(__xludf.DUMMYFUNCTION("""COMPUTED_VALUE"""),"CP") -> CP | G27: =IFERROR(__xludf.DUMMYFUNCTION("""COMPUTED_VALUE"""),"CP") -> CP | H27: =IFERROR(__xludf.DUMMYFUNCTION("""COMPUTED_VALUE"""),"Lycée Français Jacques Prévert de Saly » Elémentaire » CP » Générale") -> Lycée Français Jacques Prévert de Saly » Elémentaire » CP » Générale | N27: =IFERROR(__xludf.DUMMYFUNCTION("""COMPUTED_VALUE"""),"Garçon") -> Garçon | P27: =IFERROR(__xludf.DUMMYFUNCTION("""COMPUTED_VALUE"""),"FRANCE") -> FRANCE | Q27: =IFERROR(__xludf.DUMMYFUNCTION("""COMPUTED_VALUE"""),"SENEGAL") -> SENEGAL | S27: =IFERROR(__xludf.DUMMYFUNCTION("""COMPUTED_VALUE"""),"+221") -> +221 | T27: =IFERROR(__xludf.DUMMYFUNCTION("""COMPUTED_VALUE"""),"CYR Amandine") -> CYR Amandine | U27: =IFERROR(__xludf.DUMMYFUNCTION("""COMPUTED_VALUE"""),"BA Abou") -> BA Abou | V27: =IFERROR(__xludf.DUMMYFUNCTION("""COMPUTED_VALUE"""),"amandine.cyr@gmail.com") -> amandine.cyr@gmail.com | W27: =IFERROR(__xludf.DUMMYFUNCTION("""COMPUTED_VALUE"""),"abou13@live.com") -> abou13@live.com | X27: =IFERROR(__xludf.DUMMYFUNCTION("""COMPUTED_VALUE"""),"+221 78 924 29 45") -> +221 78 924 29 45 | Y27: =IFERROR(__xludf.DUMMYFUNCTION("""COMPUTED_VALUE"""),"+221 78 380 22 30") -> +221 78 380 22 30 | Z27: =IFERROR(__xludf.DUMMYFUNCTION("""COMPUTED_VALUE"""),"+33 6 20 59 52 69") -> +33 6 20 59 52 69 | AA27: =IFERROR(__xludf.DUMMYFUNCTION("""COMPUTED_VALUE"""),"+221 78 380 22 30") -> +221 78 380 22 30 | AB27: =IFERROR(__xludf.DUMMYFUNCTION("""COMPUTED_VALUE"""),30428) -> 30428 | AC27: =IFERROR(__xludf.DUMMYFUNCTION("""COMPUTED_VALUE"""),32115) -> 32115 | AD27: =IFERROR(__xludf.DUMMYFUNCTION("""COMPUTED_VALUE"""),"MERE") -> MERE | AE27: =IFERROR(__xludf.DUMMYFUNCTION("""COMPUTED_VALUE"""),"PERE") -> PERE | AF27: =IFERROR(__xludf.DUMMYFUNCTION("""COMPUTED_VALUE"""),"FRANCE") -> FRANCE | AG27: =IFERROR(__xludf.DUMMYFUNCTION("""COMPUTED_VALUE"""),"FRANCE") -> FRANCE | AI27: =IFERROR(__xludf.DUMMYFUNCTION("""COMPUTED_VALUE"""),"SENEGAL") -> SENEGAL | AJ27: =IFERROR(__xludf.DUMMYFUNCTION("""COMPUTED_VALUE"""),"F1631") -> F1631 | AK27: =IFERROR(__xludf.DUMMYFUNCTION("""COMPUTED_VALUE"""),"Pacsé(e)") -> Pacsé(e) | AL27: =IFERROR(__xludf.DUMMYFUNCTION("""COMPUTED_VALUE"""),"Pacsé(e)") -> Pacsé(e) | AM27: =IFERROR(__xludf.DUMMYFUNCTION("""COMPUTED_VALUE"""),"F1631") -> F1631
A28: =IFERROR(__xludf.DUMMYFUNCTION("""COMPUTED_VALUE"""),"BA Khadijatou-Racine") -> BA Khadijatou-Racine | B28: =IFERROR(__xludf.DUMMYFUNCTION("""COMPUTED_VALUE"""),"BA") -> BA | C28: =IFERROR(__xludf.DUMMYFUNCTION("""COMPUTED_VALUE"""),"Khadijatou-Racine") -> Khadijatou-Racine | D28: =IFERROR(__xludf.DUMMYFUNCTION("""COMPUTED_VALUE"""),"1148E2") -> 1148E2 | E28: =IFERROR(__xludf.DUMMYFUNCTION("""COMPUTED_VALUE"""),43614) -> 43614 | F28: =IFERROR(__xludf.DUMMYFUNCTION("""COMPUTED_VALUE"""),"CP-CE2") -> CP-CE2 | G28: =IFERROR(__xludf.DUMMYFUNCTION("""COMPUTED_VALUE"""),"CP") -> CP | H28: =IFERROR(__xludf.DUMMYFUNCTION("""COMPUTED_VALUE"""),"Lycée Français Jacques Prévert de Saly » Elémentaire » CP » Générale") -> Lycée Français Jacques Prévert de Saly » Elémentaire » CP » Générale | N28: =IFERROR(__xludf.DUMMYFUNCTION("""COMPUTED_VALUE"""),"Fille") -> Fille | P28: =IFERROR(__xludf.DUMMYFUNCTION("""COMPUTED_VALUE"""),"FRANCE") -> FRANCE | Q28: =IFERROR(__xludf.DUMMYFUNCTION("""COMPUTED_VALUE"""),"SENEGAL") -> SENEGAL | T28: =IFERROR(__xludf.DUMMYFUNCTION("""COMPUTED_VALUE"""),"BA Racine") -> BA Racine | U28: =IFERROR(__xludf.DUMMYFUNCTION("""COMPUTED_VALUE"""),"TALLA Dieynaba") -> TALLA Dieynaba | V28: =IFERROR(__xludf.DUMMYFUNCTION("""COMPUTED_VALUE"""),"racineba2001@yahoo.fr") -> racineba2001@yahoo.fr | W28: =IFERROR(__xludf.DUMMYFUNCTION("""COMPUTED_VALUE"""),"racineba2001@gmail.com") -> racineba2001@gmail.com | X28: =IFERROR(__xludf.DUMMYFUNCTION("""COMPUTED_VALUE"""),"776449231") -> 776449231 | Y28: =IFERROR(__xludf.DUMMYFUNCTION("""COMPUTED_VALUE"""),"776449231") -> 776449231 | AB28: =IFERROR(__xludf.DUMMYFUNCTION("""COMPUTED_VALUE"""),26789) -> 26789 | AC28: =IFERROR(__xludf.DUMMYFUNCTION("""COMPUTED_VALUE"""),30060) -> 30060 | AD28: =IFERROR(__xludf.DUMMYFUNCTION("""COMPUTED_VALUE"""),"PERE") -> PERE | AE28: =IFERROR(__xludf.DUMMYFUNCTION("""COMPUTED_VALUE"""),"MERE") -> MERE | AF28: =IFERROR(__xludf.DUMMYFUNCTION("""COMPUTED_VALUE"""),"FRANCE") -> FRANCE | AG28: =IFERROR(__xludf.DUMMYFUNCTION("""COMPUTED_VALUE"""),"SENEGAL") -> SENEGAL | AH28: =IFERROR(__xludf.DUMMYFUNCTION("""COMPUTED_VALUE"""),"SENEGAL") -> SENEGAL | AJ28: =IFERROR(__xludf.DUMMYFUNCTION("""COMPUTED_VALUE"""),"F1148") -> F1148 | AK28: =IFERROR(__xludf.DUMMYFUNCTION("""COMPUTED_VALUE"""),"Marié(e)") -> Marié(e) | AL28: =IFERROR(__xludf.DUMMYFUNCTION("""COMPUTED_VALUE"""),"Marié(e)") -> Marié(e) | AM28: =IFERROR(__xludf.DUMMYFUNCTION("""COMPUTED_VALUE"""),"F1148") -> F1148
A29: =IFERROR(__xludf.DUMMYFUNCTION("""COMPUTED_VALUE"""),"BA Khalifa Ababacar") -> BA Khalifa Ababacar | B29: =IFERROR(__xludf.DUMMYFUNCTION("""COMPUTED_VALUE"""),"BA") -> BA | C29: =IFERROR(__xludf.DUMMYFUNCTION("""COMPUTED_VALUE"""),"Khalifa Ababacar") -> Khalifa Ababacar | D29: =IFERROR(__xludf.DUMMYFUNCTION("""COMPUTED_VALUE"""),"1142E2") -> 1142E2 | E29: =IFERROR(__xludf.DUMMYFUNCTION("""COMPUTED_VALUE"""),39746) -> 39746 | F29: =IFERROR(__xludf.DUMMYFUNCTION("""COMPUTED_VALUE"""),"TERMINALE1") -> TERMINALE1 | G29: =IFERROR(__xludf.DUMMYFUNCTION("""COMPUTED_VALUE"""),"Terminale") -> Terminale | H29: =IFERROR(__xludf.DUMMYFUNCTION("""COMPUTED_VALUE"""),"Lycée Français Jacques Prévert de Saly » Lycée » Terminale » Générale") -> Lycée Français Jacques Prévert de Saly » Lycée » Terminale » Générale | I29: =IFERROR(__xludf.DUMMYFUNCTION("""COMPUTED_VALUE"""),"LVA Anglais") -> LVA Anglais | J29: =IFERROR(__xludf.DUMMYFUNCTION("""COMPUTED_VALUE"""),"LVB Espagnol") -> LVB Espagnol | M29: =IFERROR(__xludf.DUMMYFUNCTION("""COMPUTED_VALUE"""),"SPE MATHS, SPE SES") -> SPE MATHS, SPE SES | N29: =IFERROR(__xludf.DUMMYFUNCTION("""COMPUTED_VALUE"""),"Garçon") -> Garçon | P29: =IFERROR(__xludf.DUMMYFUNCTION("""COMPUTED_VALUE"""),"SENEGAL") -> SENEGAL | R29: =IFERROR(__xludf.DUMMYFUNCTION("""COMPUTED_VALUE"""),"khalifa.ba@lfjpsaly.org") -> khalifa.ba@lfjpsaly.org | T29: =IFERROR(__xludf.DUMMYFUNCTION("""COMPUTED_VALUE"""),"BA Chérif Habidine") -> BA Chérif Habidine | U29: =IFERROR(__xludf.DUMMYFUNCTION("""COMPUTED_VALUE"""),"KAMARA Ndèye Aïssatou") -> KAMARA Ndèye Aïssatou | V29: =IFERROR(__xludf.DUMMYFUNCTION("""COMPUTED_VALUE"""),"cherifhabidineba@hotmail.com") -> cherifhabidineba@hotmail.com | W29: =IFERROR(__xludf.DUMMYFUNCTION("""COMPUTED_VALUE"""),"aissatoukamara@yahoo.fr") -> aissatoukamara@yahoo.fr | X29: =IFERROR(__xludf.DUMMYFUNCTION("""COMPUTED_VALUE"""),"+221 77 562 76 34") -> +221 77 562 76 34 | Y29: =IFERROR(__xludf.DUMMYFUNCTION("""COMPUTED_VALUE"""),"+221 77 649 29 52") -> +221 77 649 29 52 | AB29: =IFERROR(__xludf.DUMMYFUNCTION("""COMPUTED_VALUE"""),27218) -> 27218 | AC29: =IFERROR(__xludf.DUMMYFUNCTION("""COMPUTED_VALUE"""),28728) -> 28728 | AD29: =IFERROR(__xludf.DUMMYFUNCTION("""COMPUTED_VALUE"""),"PERE") -> PERE | AE29: =IFERROR(__xludf.DUMMYFUNCTION("""COMPUTED_VALUE"""),"MERE") -> MERE | AF29: =IFERROR(__xludf.DUMMYFUNCTION("""COMPUTED_VALUE"""),"SENEGAL") -> SENEGAL | AG29: =IFERROR(__xludf.DUMMYFUNCTION("""COMPUTED_VALUE"""),"SENEGAL") -> SENEGAL | AJ29: =IFERROR(__xludf.DUMMYFUNCTION("""COMPUTED_VALUE"""),"F1142") -> F1142 | AK29: =IFERROR(__xludf.DUMMYFUNCTION("""COMPUTED_VALUE"""),"Marié(e)") -> Marié(e) | AL29: =IFERROR(__xludf.DUMMYFUNCTION("""COMPUTED_VALUE"""),"Marié(e)") -> Marié(e) | AM29: =IFERROR(__xludf.DUMMYFUNCTION("""COMPUTED_VALUE"""),"F1142") -> F1142
A30: =IFERROR(__xludf.DUMMYFUNCTION("""COMPUTED_VALUE"""),"BA Leon") -> BA Leon | B30: =IFERROR(__xludf.DUMMYFUNCTION("""COMPUTED_VALUE"""),"BA") -> BA | C30: =IFERROR(__xludf.DUMMYFUNCTION("""COMPUTED_VALUE"""),"Leon") -> Leon | D30: =IFERROR(__xludf.DUMMYFUNCTION("""COMPUTED_VALUE"""),"1133E2") -> 1133E2 | E30: =IFERROR(__xludf.DUMMYFUNCTION("""COMPUTED_VALUE"""),41924) -> 41924 | F30: =IFERROR(__xludf.DUMMYFUNCTION("""COMPUTED_VALUE"""),"6EME2") -> 6EME2 | G30: =IFERROR(__xludf.DUMMYFUNCTION("""COMPUTED_VALUE"""),"6ème") -> 6ème | H30: =IFERROR(__xludf.DUMMYFUNCTION("""COMPUTED_VALUE"""),"Lycée Français Jacques Prévert de Saly » Collège » 6ème » Générale") -> Lycée Français Jacques Prévert de Saly » Collège » 6ème » Générale | I30: =IFERROR(__xludf.DUMMYFUNCTION("""COMPUTED_VALUE"""),"LVA Anglais") -> LVA Anglais | J30: =IFERROR(__xludf.DUMMYFUNCTION("""COMPUTED_VALUE"""),"LVB Espagnol") -> LVB Espagnol | N30: =IFERROR(__xludf.DUMMYFUNCTION("""COMPUTED_VALUE"""),"Garçon") -> Garçon | P30: =IFERROR(__xludf.DUMMYFUNCTION("""COMPUTED_VALUE"""),"FRANCE") -> FRANCE | Q30: =IFERROR(__xludf.DUMMYFUNCTION("""COMPUTED_VALUE"""),"SENEGAL") -> SENEGAL | R30: =IFERROR(__xludf.DUMMYFUNCTION("""COMPUTED_VALUE"""),"leon.ba@lfjpsaly.org") -> leon.ba@lfjpsaly.org | T30: =IFERROR(__xludf.DUMMYFUNCTION("""COMPUTED_VALUE"""),"BA Abdoulaye") -> BA Abdoulaye | U30: =IFERROR(__xludf.DUMMYFUNCTION("""COMPUTED_VALUE"""),"BA Thérèse Mayé") -> BA Thérèse Mayé | V30: =IFERROR(__xludf.DUMMYFUNCTION("""COMPUTED_VALUE"""),"abdoulaye_ba@hotmail.com") -> abdoulaye_ba@hotmail.com | W30: =IFERROR(__xludf.DUMMYFUNCTION("""COMPUTED_VALUE"""),"growinglifefarm@gmail.com") -> growinglifefarm@gmail.com | X30: =IFERROR(__xludf.DUMMYFUNCTION("""COMPUTED_VALUE"""),"+221 77 118 23 82") -> +221 77 118 23 82 | Y30: =IFERROR(__xludf.DUMMYFUNCTION("""COMPUTED_VALUE"""),"+221 77 789 94 46") -> +221 77 789 94 46 | AA30: =IFERROR(__xludf.DUMMYFUNCTION("""COMPUTED_VALUE"""),"+221") -> +221 | AB30: =IFERROR(__xludf.DUMMYFUNCTION("""COMPUTED_VALUE"""),18647) -> 18647 | AC30: =IFERROR(__xludf.DUMMYFUNCTION("""COMPUTED_VALUE"""),26551) -> 26551 | AD30: =IFERROR(__xludf.DUMMYFUNCTION("""COMPUTED_VALUE"""),"PERE") -> PERE | AE30: =IFERROR(__xludf.DUMMYFUNCTION("""COMPUTED_VALUE"""),"MERE") -> MERE | AF30: =IFERROR(__xludf.DUMMYFUNCTION("""COMPUTED_VALUE"""),"FRANCE") -> FRANCE | AG30: =IFERROR(__xludf.DUMMYFUNCTION("""COMPUTED_VALUE"""),"SENEGAL") -> SENEGAL | AH30: =IFERROR(__xludf.DUMMYFUNCTION("""COMPUTED_VALUE"""),"SENEGAL") -> SENEGAL | AI30: =IFERROR(__xludf.DUMMYFUNCTION("""COMPUTED_VALUE"""),"SENEGAL") -> SENEGAL | AJ30: =IFERROR(__xludf.DUMMYFUNCTION("""COMPUTED_VALUE"""),"F1133") -> F1133 | AK30: =IFERROR(__xludf.DUMMYFUNCTION("""COMPUTED_VALUE"""),"Marié(e)") -> Marié(e) | AL30: =IFERROR(__xludf.DUMMYFUNCTION("""COMPUTED_VALUE"""),"Marié(e)") -> Marié(e) | AM30: =IFERROR(__xludf.DUMMYFUNCTION("""COMPUTED_VALUE"""),"F1133") -> F1133
A31: =IFERROR(__xludf.DUMMYFUNCTION("""COMPUTED_VALUE"""),"BA Lydelle - Racine") -> BA Lydelle - Racine | B31: =IFERROR(__xludf.DUMMYFUNCTION("""COMPUTED_VALUE"""),"BA") -> BA | C31: =IFERROR(__xludf.DUMMYFUNCTION("""COMPUTED_VALUE"""),"Lydelle - Racine") -> Lydelle - Racine | D31: =IFERROR(__xludf.DUMMYFUNCTION("""COMPUTED_VALUE"""),"1148E1") -> 1148E1 | E31: =IFERROR(__xludf.DUMMYFUNCTION("""COMPUTED_VALUE"""),42704) -> 42704 | F31: =IFERROR(__xludf.DUMMYFUNCTION("""COMPUTED_VALUE"""),"CM1B") -> CM1B | G31: =IFERROR(__xludf.DUMMYFUNCTION("""COMPUTED_VALUE"""),"CM1") -> CM1 | H31: =IFERROR(__xludf.DUMMYFUNCTION("""COMPUTED_VALUE"""),"Lycée Français Jacques Prévert de Saly » Elémentaire » CM1 » Générale") -> Lycée Français Jacques Prévert de Saly » Elémentaire » CM1 » Générale | N31: =IFERROR(__xludf.DUMMYFUNCTION("""COMPUTED_VALUE"""),"Fille") -> Fille | P31: =IFERROR(__xludf.DUMMYFUNCTION("""COMPUTED_VALUE"""),"FRANCE") -> FRANCE | Q31: =IFERROR(__xludf.DUMMYFUNCTION("""COMPUTED_VALUE"""),"SENEGAL") -> SENEGAL | T31: =IFERROR(__xludf.DUMMYFUNCTION("""COMPUTED_VALUE"""),"BA Racine") -> BA Racine | U31: =IFERROR(__xludf.DUMMYFUNCTION("""COMPUTED_VALUE"""),"TALLA Dieynaba") -> TALLA Dieynaba | V31: =IFERROR(__xludf.DUMMYFUNCTION("""COMPUTED_VALUE"""),"racineba2001@yahoo.fr") -> racineba2001@yahoo.fr | W31: =IFERROR(__xludf.DUMMYFUNCTION("""COMPUTED_VALUE"""),"racineba2001@gmail.com") -> racineba2001@gmail.com | X31: =IFERROR(__xludf.DUMMYFUNCTION("""COMPUTED_VALUE"""),"776449231") -> 776449231 | Y31: =IFERROR(__xludf.DUMMYFUNCTION("""COMPUTED_VALUE"""),"776449231") -> 776449231 | AB31: =IFERROR(__xludf.DUMMYFUNCTION("""COMPUTED_VALUE"""),26789) -> 26789 | AC31: =IFERROR(__xludf.DUMMYFUNCTION("""COMPUTED_VALUE"""),30060) -> 30060 | AD31: =IFERROR(__xludf.DUMMYFUNCTION("""COMPUTED_VALUE"""),"PERE") -> PERE | AE31: =IFERROR(__xludf.DUMMYFUNCTION("""COMPUTED_VALUE"""),"MERE") -> MERE | AF31: =IFERROR(__xludf.DUMMYFUNCTION("""COMPUTED_VALUE"""),"FRANCE") -> FRANCE | AG31: =IFERROR(__xludf.DUMMYFUNCTION("""COMPUTED_VALUE"""),"SENEGAL") -> SENEGAL | AH31: =IFERROR(__xludf.DUMMYFUNCTION("""COMPUTED_VALUE"""),"SENEGAL") -> SENEGAL | AJ31: =IFERROR(__xludf.DUMMYFUNCTION("""COMPUTED_VALUE"""),"F1148") -> F1148 | AK31: =IFERROR(__xludf.DUMMYFUNCTION("""COMPUTED_VALUE"""),"Marié(e)") -> Marié(e) | AL31: =IFERROR(__xludf.DUMMYFUNCTION("""COMPUTED_VALUE"""),"Marié(e)") -> Marié(e) | AM31: =IFERROR(__xludf.DUMMYFUNCTION("""COMPUTED_VALUE"""),"F1148") -> F1148
A32: =IFERROR(__xludf.DUMMYFUNCTION("""COMPUTED_VALUE"""),"BA Maryem") -> BA Maryem | B32: =IFERROR(__xludf.DUMMYFUNCTION("""COMPUTED_VALUE"""),"BA") -> BA | C32: =IFERROR(__xludf.DUMMYFUNCTION("""COMPUTED_VALUE"""),"Maryem") -> Maryem | D32: =IFERROR(__xludf.DUMMYFUNCTION("""COMPUTED_VALUE"""),"1631E2") -> 1631E2 | E32: =IFERROR(__xludf.DUMMYFUNCTION("""COMPUTED_VALUE"""),44365) -> 44365 | F32: =IFERROR(__xludf.DUMMYFUNCTION("""COMPUTED_VALUE"""),"Mat 2") -> Mat 2 | G32: =IFERROR(__xludf.DUMMYFUNCTION("""COMPUTED_VALUE"""),"MS") -> MS | H32: =IFERROR(__xludf.DUMMYFUNCTION("""COMPUTED_VALUE"""),"Lycée Français Jacques Prévert de Saly » Maternelle » MS » Générale") -> Lycée Français Jacques Prévert de Saly » Maternelle » MS » Générale | N32: =IFERROR(__xludf.DUMMYFUNCTION("""COMPUTED_VALUE"""),"Fille") -> Fille | P32: =IFERROR(__xludf.DUMMYFUNCTION("""COMPUTED_VALUE"""),"FRANCE") -> FRANCE | Q32: =IFERROR(__xludf.DUMMYFUNCTION("""COMPUTED_VALUE"""),"SENEGAL") -> SENEGAL | S32: =IFERROR(__xludf.DUMMYFUNCTION("""COMPUTED_VALUE"""),"+221") -> +221 | T32: =IFERROR(__xludf.DUMMYFUNCTION("""COMPUTED_VALUE"""),"CYR Amandine") -> CYR Amandine | U32: =IFERROR(__xludf.DUMMYFUNCTION("""COMPUTED_VALUE"""),"BA Abou") -> BA Abou | V32: =IFERROR(__xludf.DUMMYFUNCTION("""COMPUTED_VALUE"""),"amandine.cyr@gmail.com") -> amandine.cyr@gmail.com | W32: =IFERROR(__xludf.DUMMYFUNCTION("""COMPUTED_VALUE"""),"abou13@live.com") -> abou13@live.com | X32: =IFERROR(__xludf.DUMMYFUNCTION("""COMPUTED_VALUE"""),"+221 78 924 29 45") -> +221 78 924 29 45 | Y32: =IFERROR(__xludf.DUMMYFUNCTION("""COMPUTED_VALUE"""),"+221 78 380 22 30") -> +221 78 380 22 30 | Z32: =IFERROR(__xludf.DUMMYFUNCTION("""COMPUTED_VALUE"""),"+33 6 20 59 52 69") -> +33 6 20 59 52 69 | AA32: =IFERROR(__xludf.DUMMYFUNCTION("""COMPUTED_VALUE"""),"+221 78 380 22 30") -> +221 78 380 22 30 | AB32: =IFERROR(__xludf.DUMMYFUNCTION("""COMPUTED_VALUE"""),30428) -> 30428 | AC32: =IFERROR(__xludf.DUMMYFUNCTION("""COMPUTED_VALUE"""),32115) -> 32115 | AD32: =IFERROR(__xludf.DUMMYFUNCTION("""COMPUTED_VALUE"""),"MERE") -> MERE | AE32: =IFERROR(__xludf.DUMMYFUNCTION("""COMPUTED_VALUE"""),"PERE") -> PERE | AF32: =IFERROR(__xludf.DUMMYFUNCTION("""COMPUTED_VALUE"""),"FRANCE") -> FRANCE | AG32: =IFERROR(__xludf.DUMMYFUNCTION("""COMPUTED_VALUE"""),"FRANCE") -> FRANCE | AI32: =IFERROR(__xludf.DUMMYFUNCTION("""COMPUTED_VALUE"""),"SENEGAL") -> SENEGAL | AJ32: =IFERROR(__xludf.DUMMYFUNCTION("""COMPUTED_VALUE"""),"F1631") -> F1631 | AK32: =IFERROR(__xludf.DUMMYFUNCTION("""COMPUTED_VALUE"""),"Pacsé(e)") -> Pacsé(e) | AL32: =IFERROR(__xludf.DUMMYFUNCTION("""COMPUTED_VALUE"""),"Pacsé(e)") -> Pacsé(e) | AM32: =IFERROR(__xludf.DUMMYFUNCTION("""COMPUTED_VALUE"""),"F1631") -> F1631
A33: =IFERROR(__xludf.DUMMYFUNCTION("""COMPUTED_VALUE"""),"BABO Yanis") -> BABO Yanis | B33: =IFERROR(__xludf.DUMMYFUNCTION("""COMPUTED_VALUE"""),"BABO") -> BABO | C33: =IFERROR(__xludf.DUMMYFUNCTION("""COMPUTED_VALUE"""),"Yanis") -> Yanis | D33: =IFERROR(__xludf.DUMMYFUNCTION("""COMPUTED_VALUE"""),"1134E1") -> 1134E1 | E33: =IFERROR(__xludf.DUMMYFUNCTION("""COMPUTED_VALUE"""),39525) -> 39525 | F33: =IFERROR(__xludf.DUMMYFUNCTION("""COMPUTED_VALUE"""),"TERMINALE1") -> TERMINALE1 | G33: =IFERROR(__xludf.DUMMYFUNCTION("""COMPUTED_VALUE"""),"Terminale") -> Terminale | H33: =IFERROR(__xludf.DUMMYFUNCTION("""COMPUTED_VALUE"""),"Lycée Français Jacques Prévert de Saly » Lycée » Terminale » Générale") -> Lycée Français Jacques Prévert de Saly » Lycée » Terminale » Générale | I33: =IFERROR(__xludf.DUMMYFUNCTION("""COMPUTED_VALUE"""),"LVA Anglais") -> LVA Anglais | J33: =IFERROR(__xludf.DUMMYFUNCTION("""COMPUTED_VALUE"""),"LVB Espagnol") -> LVB Espagnol | M33: =IFERROR(__xludf.DUMMYFUNCTION("""COMPUTED_VALUE"""),"SPE MATHS, SPE SVT") -> SPE MATHS, SPE SVT | N33: =IFERROR(__xludf.DUMMYFUNCTION("""COMPUTED_VALUE"""),"Garçon") -> Garçon | P33: =IFERROR(__xludf.DUMMYFUNCTION("""COMPUTED_VALUE"""),"FRANCE") -> FRANCE | R33: =IFERROR(__xludf.DUMMYFUNCTION("""COMPUTED_VALUE"""),"yanis.babo@lfjpsaly.org") -> yanis.babo@lfjpsaly.org | T33: =IFERROR(__xludf.DUMMYFUNCTION("""COMPUTED_VALUE"""),"BABO Fatou") -> BABO Fatou | U33: =IFERROR(__xludf.DUMMYFUNCTION("""COMPUTED_VALUE"""),"BABO Coret") -> BABO Coret | V33: =IFERROR(__xludf.DUMMYFUNCTION("""COMPUTED_VALUE"""),"fatou.babo@icloud.com") -> fatou.babo@icloud.com | W33: =IFERROR(__xludf.DUMMYFUNCTION("""COMPUTED_VALUE"""),"fatou.babo@icloud.com") -> fatou.babo@icloud.com | X33: =IFERROR(__xludf.DUMMYFUNCTION("""COMPUTED_VALUE"""),"+221 77 207 75 26") -> +221 77 207 75 26 | AB33: =IFERROR(__xludf.DUMMYFUNCTION("""COMPUTED_VALUE"""),28066) -> 28066 | AC33: =IFERROR(__xludf.DUMMYFUNCTION("""COMPUTED_VALUE"""),26645) -> 26645 | AD33: =IFERROR(__xludf.DUMMYFUNCTION("""COMPUTED_VALUE"""),"MERE") -> MERE | AE33: =IFERROR(__xludf.DUMMYFUNCTION("""COMPUTED_VALUE"""),"PERE") -> PERE | AF33: =IFERROR(__xludf.DUMMYFUNCTION("""COMPUTED_VALUE"""),"FRANCE") -> FRANCE | AG33: =IFERROR(__xludf.DUMMYFUNCTION("""COMPUTED_VALUE"""),"FRANCE") -> FRANCE | AJ33: =IFERROR(__xludf.DUMMYFUNCTION("""COMPUTED_VALUE"""),"F1134") -> F1134 | AK33: =IFERROR(__xludf.DUMMYFUNCTION("""COMPUTED_VALUE"""),"Marié(e)") -> Marié(e) | AL33: =IFERROR(__xludf.DUMMYFUNCTION("""COMPUTED_VALUE"""),"Marié(e)") -> Marié(e) | AM33: =IFERROR(__xludf.DUMMYFUNCTION("""COMPUTED_VALUE"""),"F1134") -> F1134
A34: =IFERROR(__xludf.DUMMYFUNCTION("""COMPUTED_VALUE"""),"BADIANE MOUSSALI Leo") -> BADIANE MOUSSALI Leo | B34: =IFERROR(__xludf.DUMMYFUNCTION("""COMPUTED_VALUE"""),"BADIANE MOUSSALI") -> BADIANE MOUSSALI | C34: =IFERROR(__xludf.DUMMYFUNCTION("""COMPUTED_VALUE"""),"Leo") -> Leo | D34: =IFERROR(__xludf.DUMMYFUNCTION("""COMPUTED_VALUE"""),"1137E1") -> 1137E1 | E34: =IFERROR(__xludf.DUMMYFUNCTION("""COMPUTED_VALUE"""),42328) -> 42328 | F34: =IFERROR(__xludf.DUMMYFUNCTION("""COMPUTED_VALUE"""),"CM2B") -> CM2B | G34: =IFERROR(__xludf.DUMMYFUNCTION("""COMPUTED_VALUE"""),"CM2") -> CM2 | H34: =IFERROR(__xludf.DUMMYFUNCTION("""COMPUTED_VALUE"""),"Lycée Français Jacques Prévert de Saly » Elémentaire » CM2 » Générale") -> Lycée Français Jacques Prévert de Saly » Elémentaire » CM2 » Générale | N34: =IFERROR(__xludf.DUMMYFUNCTION("""COMPUTED_VALUE"""),"Garçon") -> Garçon | P34: =IFERROR(__xludf.DUMMYFUNCTION("""COMPUTED_VALUE"""),"FRANCE") -> FRANCE | T34: =IFERROR(__xludf.DUMMYFUNCTION("""COMPUTED_VALUE"""),"MOUSSALI Oriana") -> MOUSSALI Oriana | U34: =IFERROR(__xludf.DUMMYFUNCTION("""COMPUTED_VALUE"""),"BADIANE Hardiet") -> BADIANE Hardiet | V34: =IFERROR(__xludf.DUMMYFUNCTION("""COMPUTED_VALUE"""),"oriana.moussali@gmail.com") -> oriana.moussali@gmail.com | W34: =IFERROR(__xludf.DUMMYFUNCTION("""COMPUTED_VALUE"""),"badiane.hardiet@gmail.com") -> badiane.hardiet@gmail.com | X34: =IFERROR(__xludf.DUMMYFUNCTION("""COMPUTED_VALUE"""),"778772082") -> 778772082 | Y34: =IFERROR(__xludf.DUMMYFUNCTION("""COMPUTED_VALUE"""),"778772170") -> 778772170 | AB34: =IFERROR(__xludf.DUMMYFUNCTION("""COMPUTED_VALUE"""),33908) -> 33908 | AC34: =IFERROR(__xludf.DUMMYFUNCTION("""COMPUTED_VALUE"""),32181) -> 32181 | AD34: =IFERROR(__xludf.DUMMYFUNCTION("""COMPUTED_VALUE"""),"MERE") -> MERE | AE34: =IFERROR(__xludf.DUMMYFUNCTION("""COMPUTED_VALUE"""),"PERE") -> PERE | AF34: =IFERROR(__xludf.DUMMYFUNCTION("""COMPUTED_VALUE"""),"FRANCE") -> FRANCE | AG34: =IFERROR(__xludf.DUMMYFUNCTION("""COMPUTED_VALUE"""),"FRANCE") -> FRANCE | AH34: =IFERROR(__xludf.DUMMYFUNCTION("""COMPUTED_VALUE"""),"SENEGAL") -> SENEGAL | AJ34: =IFERROR(__xludf.DUMMYFUNCTION("""COMPUTED_VALUE"""),"F1137") -> F1137 | AK34: =IFERROR(__xludf.DUMMYFUNCTION("""COMPUTED_VALUE"""),"CONCUBINAGE") -> CONCUBINAGE | AL34: =IFERROR(__xludf.DUMMYFUNCTION("""COMPUTED_VALUE"""),"CONCUBINAGE") -> CONCUBINAGE | AM34: =IFERROR(__xludf.DUMMYFUNCTION("""COMPUTED_VALUE"""),"F1137") -> F1137
A35: =IFERROR(__xludf.DUMMYFUNCTION("""COMPUTED_VALUE"""),"BADIANE MOUSSALI Naya") -> BADIANE MOUSSALI Naya | B35: =IFERROR(__xludf.DUMMYFUNCTION("""COMPUTED_VALUE"""),"BADIANE MOUSSALI") -> BADIANE MOUSSALI | C35: =IFERROR(__xludf.DUMMYFUNCTION("""COMPUTED_VALUE"""),"Naya") -> Naya | D35: =IFERROR(__xludf.DUMMYFUNCTION("""COMPUTED_VALUE"""),"1137E2") -> 1137E2 | E35: =IFERROR(__xludf.DUMMYFUNCTION("""COMPUTED_VALUE"""),42744) -> 42744 | F35: =IFERROR(__xludf.DUMMYFUNCTION("""COMPUTED_VALUE"""),"CM1B") -> CM1B | G35: =IFERROR(__xludf.DUMMYFUNCTION("""COMPUTED_VALUE"""),"CM1") -> CM1 | H35: =IFERROR(__xludf.DUMMYFUNCTION("""COMPUTED_VALUE"""),"Lycée Français Jacques Prévert de Saly » Elémentaire » CM1 » Générale") -> Lycée Français Jacques Prévert de Saly » Elémentaire » CM1 » Générale | N35: =IFERROR(__xludf.DUMMYFUNCTION("""COMPUTED_VALUE"""),"Fille") -> Fille | P35: =IFERROR(__xludf.DUMMYFUNCTION("""COMPUTED_VALUE"""),"FRANCE") -> FRANCE | S35: =IFERROR(__xludf.DUMMYFUNCTION("""COMPUTED_VALUE"""),"+221") -> +221 | T35: =IFERROR(__xludf.DUMMYFUNCTION("""COMPUTED_VALUE"""),"MOUSSALI Oriana") -> MOUSSALI Oriana | U35: =IFERROR(__xludf.DUMMYFUNCTION("""COMPUTED_VALUE"""),"BADIANE Hardiet") -> BADIANE Hardiet | V35: =IFERROR(__xludf.DUMMYFUNCTION("""COMPUTED_VALUE"""),"oriana.moussali@gmail.com") -> oriana.moussali@gmail.com | W35: =IFERROR(__xludf.DUMMYFUNCTION("""COMPUTED_VALUE"""),"badiane.hardiet@gmail.com") -> badiane.hardiet@gmail.com | X35: =IFERROR(__xludf.DUMMYFUNCTION("""COMPUTED_VALUE"""),"778772082") -> 778772082 | Y35: =IFERROR(__xludf.DUMMYFUNCTION("""COMPUTED_VALUE"""),"778772170") -> 778772170 | AB35: =IFERROR(__xludf.DUMMYFUNCTION("""COMPUTED_VALUE"""),33908) -> 33908 | AC35: =IFERROR(__xludf.DUMMYFUNCTION("""COMPUTED_VALUE"""),32181) -> 32181 | AD35: =IFERROR(__xludf.DUMMYFUNCTION("""COMPUTED_VALUE"""),"MERE") -> MERE | AE35: =IFERROR(__xludf.DUMMYFUNCTION("""COMPUTED_VALUE"""),"PERE") -> PERE | AF35: =IFERROR(__xludf.DUMMYFUNCTION("""COMPUTED_VALUE"""),"FRANCE") -> FRANCE | AG35: =IFERROR(__xludf.DUMMYFUNCTION("""COMPUTED_VALUE"""),"FRANCE") -> FRANCE | AH35: =IFERROR(__xludf.DUMMYFUNCTION("""COMPUTED_VALUE"""),"SENEGAL") -> SENEGAL | AJ35: =IFERROR(__xludf.DUMMYFUNCTION("""COMPUTED_VALUE"""),"F1137") -> F1137 | AK35: =IFERROR(__xludf.DUMMYFUNCTION("""COMPUTED_VALUE"""),"CONCUBINAGE") -> CONCUBINAGE | AL35: =IFERROR(__xludf.DUMMYFUNCTION("""COMPUTED_VALUE"""),"CONCUBINAGE") -> CONCUBINAGE | AM35: =IFERROR(__xludf.DUMMYFUNCTION("""COMPUTED_VALUE"""),"F1137") -> F1137
A36: =IFERROR(__xludf.DUMMYFUNCTION("""COMPUTED_VALUE"""),"BAKILI Melya") -> BAKILI Melya | B36: =IFERROR(__xludf.DUMMYFUNCTION("""COMPUTED_VALUE"""),"BAKILI") -> BAKILI | C36: =IFERROR(__xludf.DUMMYFUNCTION("""COMPUTED_VALUE"""),"Melya") -> Melya | D36: =IFERROR(__xludf.DUMMYFUNCTION("""COMPUTED_VALUE"""),"1141E1") -> 1141E1 | E36: =IFERROR(__xludf.DUMMYFUNCTION("""COMPUTED_VALUE"""),41188) -> 41188 | F36: =IFERROR(__xludf.DUMMYFUNCTION("""COMPUTED_VALUE"""),"4EME1") -> 4EME1 | G36: =IFERROR(__xludf.DUMMYFUNCTION("""COMPUTED_VALUE"""),"4ème") -> 4ème | H36: =IFERROR(__xludf.DUMMYFUNCTION("""COMPUTED_VALUE"""),"Lycée Français Jacques Prévert de Saly » Collège » 4ème » Générale") -> Lycée Français Jacques Prévert de Saly » Collège » 4ème » Générale | I36: =IFERROR(__xludf.DUMMYFUNCTION("""COMPUTED_VALUE"""),"LVA Anglais") -> LVA Anglais | J36: =IFERROR(__xludf.DUMMYFUNCTION("""COMPUTED_VALUE"""),"LVB Espagnol") -> LVB Espagnol | N36: =IFERROR(__xludf.DUMMYFUNCTION("""COMPUTED_VALUE"""),"Fille") -> Fille | P36: =IFERROR(__xludf.DUMMYFUNCTION("""COMPUTED_VALUE"""),"FRANCE") -> FRANCE | R36: =IFERROR(__xludf.DUMMYFUNCTION("""COMPUTED_VALUE"""),"melya.bakili@lfjpsaly.org") -> melya.bakili@lfjpsaly.org | T36: =IFERROR(__xludf.DUMMYFUNCTION("""COMPUTED_VALUE"""),"BAKILI Grace") -> BAKILI Grace | U36: =IFERROR(__xludf.DUMMYFUNCTION("""COMPUTED_VALUE"""),"BAKILI Patrick") -> BAKILI Patrick | V36: =IFERROR(__xludf.DUMMYFUNCTION("""COMPUTED_VALUE"""),"gracebakili@gmail.com") -> gracebakili@gmail.com | W36: =IFERROR(__xludf.DUMMYFUNCTION("""COMPUTED_VALUE"""),"patrick.bakili@gmail.com") -> patrick.bakili@gmail.com | X36: =IFERROR(__xludf.DUMMYFUNCTION("""COMPUTED_VALUE"""),"+221 78 111 37 34") -> +221 78 111 37 34 | Y36: =IFERROR(__xludf.DUMMYFUNCTION("""COMPUTED_VALUE"""),"+221 77 290 89 84") -> +221 77 290 89 84 | Z36: =IFERROR(__xludf.DUMMYFUNCTION("""COMPUTED_VALUE"""),"+221") -> +221 | AA36: =IFERROR(__xludf.DUMMYFUNCTION("""COMPUTED_VALUE"""),"+221") -> +221 | AB36: =IFERROR(__xludf.DUMMYFUNCTION("""COMPUTED_VALUE"""),32106) -> 32106 | AC36: =IFERROR(__xludf.DUMMYFUNCTION("""COMPUTED_VALUE"""),29794) -> 29794 | AD36: =IFERROR(__xludf.DUMMYFUNCTION("""COMPUTED_VALUE"""),"MERE") -> MERE | AE36: =IFERROR(__xludf.DUMMYFUNCTION("""COMPUTED_VALUE"""),"PERE") -> PERE | AF36: =IFERROR(__xludf.DUMMYFUNCTION("""COMPUTED_VALUE"""),"FRANCE") -> FRANCE | AG36: =IFERROR(__xludf.DUMMYFUNCTION("""COMPUTED_VALUE"""),"CONGO") -> CONGO | AJ36: =IFERROR(__xludf.DUMMYFUNCTION("""COMPUTED_VALUE"""),"F1141") -> F1141 | AK36: =IFERROR(__xludf.DUMMYFUNCTION("""COMPUTED_VALUE"""),"Marié(e)") -> Marié(e) | AL36: =IFERROR(__xludf.DUMMYFUNCTION("""COMPUTED_VALUE"""),"Marié(e)") -> Marié(e) | AM36: =IFERROR(__xludf.DUMMYFUNCTION("""COMPUTED_VALUE"""),"F1141") -> F1141
A37: =IFERROR(__xludf.DUMMYFUNCTION("""COMPUTED_VALUE"""),"BAKILI Soa") -> BAKILI Soa | B37: =IFERROR(__xludf.DUMMYFUNCTION("""COMPUTED_VALUE"""),"BAKILI") -> BAKILI | C37: =IFERROR(__xludf.DUMMYFUNCTION("""COMPUTED_VALUE"""),"Soa") -> Soa | D37: =IFERROR(__xludf.DUMMYFUNCTION("""COMPUTED_VALUE"""),"11425S2577") -> 11425S2577 | E37: =IFERROR(__xludf.DUMMYFUNCTION("""COMPUTED_VALUE"""),44049) -> 44049 | F37: =IFERROR(__xludf.DUMMYFUNCTION("""COMPUTED_VALUE"""),"Mat 3") -> Mat 3 | G37: =IFERROR(__xludf.DUMMYFUNCTION("""COMPUTED_VALUE"""),"GS") -> GS | H37: =IFERROR(__xludf.DUMMYFUNCTION("""COMPUTED_VALUE"""),"Lycée Français Jacques Prévert de Saly » Maternelle » GS » Générale") -> Lycée Français Jacques Prévert de Saly » Maternelle » GS » Générale | N37: =IFERROR(__xludf.DUMMYFUNCTION("""COMPUTED_VALUE"""),"Fille") -> Fille | P37: =IFERROR(__xludf.DUMMYFUNCTION("""COMPUTED_VALUE"""),"FRANCE") -> FRANCE | S37: =IFERROR(__xludf.DUMMYFUNCTION("""COMPUTED_VALUE"""),"+221") -> +221 | T37: =IFERROR(__xludf.DUMMYFUNCTION("""COMPUTED_VALUE"""),"BAKILI Grace") -> BAKILI Grace | U37: =IFERROR(__xludf.DUMMYFUNCTION("""COMPUTED_VALUE"""),"BAKILI Patrick") -> BAKILI Patrick | V37: =IFERROR(__xludf.DUMMYFUNCTION("""COMPUTED_VALUE"""),"gracebakili@gmail.com") -> gracebakili@gmail.com | W37: =IFERROR(__xludf.DUMMYFUNCTION("""COMPUTED_VALUE"""),"patrick.bakili@gmail.com") -> patrick.bakili@gmail.com | X37: =IFERROR(__xludf.DUMMYFUNCTION("""COMPUTED_VALUE"""),"+221 78 111 37 34") -> +221 78 111 37 34 | Y37: =IFERROR(__xludf.DUMMYFUNCTION("""COMPUTED_VALUE"""),"+221 77 290 89 84") -> +221 77 290 89 84 | Z37: =IFERROR(__xludf.DUMMYFUNCTION("""COMPUTED_VALUE"""),"+221") -> +221 | AA37: =IFERROR(__xludf.DUMMYFUNCTION("""COMPUTED_VALUE"""),"+221") -> +221 | AB37: =IFERROR(__xludf.DUMMYFUNCTION("""COMPUTED_VALUE"""),32106) -> 32106 | AC37: =IFERROR(__xludf.DUMMYFUNCTION("""COMPUTED_VALUE"""),29794) -> 29794 | AD37: =IFERROR(__xludf.DUMMYFUNCTION("""COMPUTED_VALUE"""),"MERE") -> MERE | AE37: =IFERROR(__xludf.DUMMYFUNCTION("""COMPUTED_VALUE"""),"PERE") -> PERE | AF37: =IFERROR(__xludf.DUMMYFUNCTION("""COMPUTED_VALUE"""),"FRANCE") -> FRANCE | AG37: =IFERROR(__xludf.DUMMYFUNCTION("""COMPUTED_VALUE"""),"CONGO") -> CONGO | AJ37: =IFERROR(__xludf.DUMMYFUNCTION("""COMPUTED_VALUE"""),"F1141") -> F1141 | AK37: =IFERROR(__xludf.DUMMYFUNCTION("""COMPUTED_VALUE"""),"Marié(e)") -> Marié(e) | AL37: =IFERROR(__xludf.DUMMYFUNCTION("""COMPUTED_VALUE"""),"Marié(e)") -> Marié(e) | AM37: =IFERROR(__xludf.DUMMYFUNCTION("""COMPUTED_VALUE"""),"F1141") -> F1141
A38: =IFERROR(__xludf.DUMMYFUNCTION("""COMPUTED_VALUE"""),"BALAIRE Alban") -> BALAIRE Alban | B38: =IFERROR(__xludf.DUMMYFUNCTION("""COMPUTED_VALUE"""),"BALAIRE") -> BALAIRE | C38: =IFERROR(__xludf.DUMMYFUNCTION("""COMPUTED_VALUE"""),"Alban") -> Alban | D38: =IFERROR(__xludf.DUMMYFUNCTION("""COMPUTED_VALUE"""),"1144E1") -> 1144E1 | E38: =IFERROR(__xludf.DUMMYFUNCTION("""COMPUTED_VALUE"""),42131) -> 42131 | F38: =IFERROR(__xludf.DUMMYFUNCTION("""COMPUTED_VALUE"""),"CM2B") -> CM2B | G38: =IFERROR(__xludf.DUMMYFUNCTION("""COMPUTED_VALUE"""),"CM2") -> CM2 | H38: =IFERROR(__xludf.DUMMYFUNCTION("""COMPUTED_VALUE"""),"Lycée Français Jacques Prévert de Saly » Elémentaire » CM2 » Générale") -> Lycée Français Jacques Prévert de Saly » Elémentaire » CM2 » Générale | N38: =IFERROR(__xludf.DUMMYFUNCTION("""COMPUTED_VALUE"""),"Garçon") -> Garçon | P38: =IFERROR(__xludf.DUMMYFUNCTION("""COMPUTED_VALUE"""),"FRANCE") -> FRANCE | T38: =IFERROR(__xludf.DUMMYFUNCTION("""COMPUTED_VALUE"""),"BALAIRE Alain") -> BALAIRE Alain | U38: =IFERROR(__xludf.DUMMYFUNCTION("""COMPUTED_VALUE"""),"BALAIRE Lamia") -> BALAIRE Lamia | V38: =IFERROR(__xludf.DUMMYFUNCTION("""COMPUTED_VALUE"""),"alain.balaire@yahoo.fr") -> alain.balaire@yahoo.fr | W38: =IFERROR(__xludf.DUMMYFUNCTION("""COMPUTED_VALUE"""),"aghnnache84@yahoo.fr") -> aghnnache84@yahoo.fr | X38: =IFERROR(__xludf.DUMMYFUNCTION("""COMPUTED_VALUE"""),"776371902") -> 776371902 | Y38: =IFERROR(__xludf.DUMMYFUNCTION("""COMPUTED_VALUE"""),"770199191") -> 770199191 | AB38: =IFERROR(__xludf.DUMMYFUNCTION("""COMPUTED_VALUE"""),18302) -> 18302 | AC38: =IFERROR(__xludf.DUMMYFUNCTION("""COMPUTED_VALUE"""),30732) -> 30732 | AD38: =IFERROR(__xludf.DUMMYFUNCTION("""COMPUTED_VALUE"""),"PERE") -> PERE | AE38: =IFERROR(__xludf.DUMMYFUNCTION("""COMPUTED_VALUE"""),"MERE") -> MERE | AF38: =IFERROR(__xludf.DUMMYFUNCTION("""COMPUTED_VALUE"""),"FRANCE") -> FRANCE | AG38: =IFERROR(__xludf.DUMMYFUNCTION("""COMPUTED_VALUE"""),"MAROC") -> MAROC | AI38: =IFERROR(__xludf.DUMMYFUNCTION("""COMPUTED_VALUE"""),"FRANCE") -> FRANCE | AJ38: =IFERROR(__xludf.DUMMYFUNCTION("""COMPUTED_VALUE"""),"F1144") -> F1144 | AK38: =IFERROR(__xludf.DUMMYFUNCTION("""COMPUTED_VALUE"""),"Marié(e)") -> Marié(e) | AL38: =IFERROR(__xludf.DUMMYFUNCTION("""COMPUTED_VALUE"""),"Marié(e)") -> Marié(e) | AM38: =IFERROR(__xludf.DUMMYFUNCTION("""COMPUTED_VALUE"""),"F1144") -> F1144
A39: =IFERROR(__xludf.DUMMYFUNCTION("""COMPUTED_VALUE"""),"BAO Ndeye Fatoumata") -> BAO Ndeye Fatoumata | B39: =IFERROR(__xludf.DUMMYFUNCTION("""COMPUTED_VALUE"""),"BAO") -> BAO | C39: =IFERROR(__xludf.DUMMYFUNCTION("""COMPUTED_VALUE"""),"Ndeye Fatoumata") -> Ndeye Fatoumata | D39: =IFERROR(__xludf.DUMMYFUNCTION("""COMPUTED_VALUE"""),"12076S3080") -> 12076S3080 | E39: =IFERROR(__xludf.DUMMYFUNCTION("""COMPUTED_VALUE"""),41112) -> 41112 | F39: =IFERROR(__xludf.DUMMYFUNCTION("""COMPUTED_VALUE"""),"4EME1") -> 4EME1 | G39: =IFERROR(__xludf.DUMMYFUNCTION("""COMPUTED_VALUE"""),"4ème") -> 4ème | H39: =IFERROR(__xludf.DUMMYFUNCTION("""COMPUTED_VALUE"""),"Lycée Français Jacques Prévert de Saly » Collège » 4ème » Générale") -> Lycée Français Jacques Prévert de Saly » Collège » 4ème » Générale | I39: =IFERROR(__xludf.DUMMYFUNCTION("""COMPUTED_VALUE"""),"LVA Anglais") -> LVA Anglais | J39: =IFERROR(__xludf.DUMMYFUNCTION("""COMPUTED_VALUE"""),"LVB Espagnol") -> LVB Espagnol | N39: =IFERROR(__xludf.DUMMYFUNCTION("""COMPUTED_VALUE"""),"Fille") -> Fille | P39: =IFERROR(__xludf.DUMMYFUNCTION("""COMPUTED_VALUE"""),"FRANCE") -> FRANCE | R39: =IFERROR(__xludf.DUMMYFUNCTION("""COMPUTED_VALUE"""),"fatoumata.bao@lfjpsaly.org") -> fatoumata.bao@lfjpsaly.org | S39: =IFERROR(__xludf.DUMMYFUNCTION("""COMPUTED_VALUE"""),"+221") -> +221 | T39: =IFERROR(__xludf.DUMMYFUNCTION("""COMPUTED_VALUE"""),"BAO Adja") -> BAO Adja | U39: =IFERROR(__xludf.DUMMYFUNCTION("""COMPUTED_VALUE"""),"BAO Babacar") -> BAO Babacar | V39: =IFERROR(__xludf.DUMMYFUNCTION("""COMPUTED_VALUE"""),"adjabao@live.fr") -> adjabao@live.fr | W39: =IFERROR(__xludf.DUMMYFUNCTION("""COMPUTED_VALUE"""),"babacarbao@gmail.com") -> babacarbao@gmail.com | X39: =IFERROR(__xludf.DUMMYFUNCTION("""COMPUTED_VALUE"""),"+221 78 863 98 58") -> +221 78 863 98 58 | Y39: =IFERROR(__xludf.DUMMYFUNCTION("""COMPUTED_VALUE"""),"+221 78 863 98 58") -> +221 78 863 98 58 | Z39: =IFERROR(__xludf.DUMMYFUNCTION("""COMPUTED_VALUE"""),"+33 6 25 14 62 68") -> +33 6 25 14 62 68 | AA39: =IFERROR(__xludf.DUMMYFUNCTION("""COMPUTED_VALUE"""),"+33 6 05 65 83 74") -> +33 6 05 65 83 74 | AB39: =IFERROR(__xludf.DUMMYFUNCTION("""COMPUTED_VALUE"""),31702) -> 31702 | AC39: =IFERROR(__xludf.DUMMYFUNCTION("""COMPUTED_VALUE"""),27714) -> 27714 | AD39: =IFERROR(__xludf.DUMMYFUNCTION("""COMPUTED_VALUE"""),"MERE") -> MERE | AE39: =IFERROR(__xludf.DUMMYFUNCTION("""COMPUTED_VALUE"""),"PERE") -> PERE | AF39: =IFERROR(__xludf.DUMMYFUNCTION("""COMPUTED_VALUE"""),"FRANCE") -> FRANCE | AG39: =IFERROR(__xludf.DUMMYFUNCTION("""COMPUTED_VALUE"""),"SENEGAL") -> SENEGAL | AH39: =IFERROR(__xludf.DUMMYFUNCTION("""COMPUTED_VALUE"""),"SENEGAL") -> SENEGAL | AJ39: =IFERROR(__xludf.DUMMYFUNCTION("""COMPUTED_VALUE"""),"U12076") -> U12076 | AK39: =IFERROR(__xludf.DUMMYFUNCTION("""COMPUTED_VALUE"""),"Célibataire") -> Célibataire | AL39: =IFERROR(__xludf.DUMMYFUNCTION("""COMPUTED_VALUE"""),"Célibataire") -> Célibataire | AM39: =IFERROR(__xludf.DUMMYFUNCTION("""COMPUTED_VALUE"""),"U12076") -> U12076
A40: =IFERROR(__xludf.DUMMYFUNCTION("""COMPUTED_VALUE"""),"BARIC Yerim") -> BARIC Yerim | B40: =IFERROR(__xludf.DUMMYFUNCTION("""COMPUTED_VALUE"""),"BARIC") -> BARIC | C40: =IFERROR(__xludf.DUMMYFUNCTION("""COMPUTED_VALUE"""),"Yerim") -> Yerim | D40: =IFERROR(__xludf.DUMMYFUNCTION("""COMPUTED_VALUE"""),"1152E1") -> 1152E1 | E40: =IFERROR(__xludf.DUMMYFUNCTION("""COMPUTED_VALUE"""),39636) -> 39636 | F40: =IFERROR(__xludf.DUMMYFUNCTION("""COMPUTED_VALUE"""),"TERMINALE2") -> TERMINALE2 | G40: =IFERROR(__xludf.DUMMYFUNCTION("""COMPUTED_VALUE"""),"Terminale") -> Terminale | H40: =IFERROR(__xludf.DUMMYFUNCTION("""COMPUTED_VALUE"""),"Lycée Français Jacques Prévert de Saly » Lycée » Terminale » Générale") -> Lycée Français Jacques Prévert de Saly » Lycée » Terminale » Générale | I40: =IFERROR(__xludf.DUMMYFUNCTION("""COMPUTED_VALUE"""),"LVA Anglais") -> LVA Anglais | J40: =IFERROR(__xludf.DUMMYFUNCTION("""COMPUTED_VALUE"""),"LVB Espagnol") -> LVB Espagnol | M40: =IFERROR(__xludf.DUMMYFUNCTION("""COMPUTED_VALUE"""),"SPE LLCE AMC, SPE SES") -> SPE LLCE AMC, SPE SES | N40: =IFERROR(__xludf.DUMMYFUNCTION("""COMPUTED_VALUE"""),"Garçon") -> Garçon | P40: =IFERROR(__xludf.DUMMYFUNCTION("""COMPUTED_VALUE"""),"FRANCE") -> FRANCE | R40: =IFERROR(__xludf.DUMMYFUNCTION("""COMPUTED_VALUE"""),"yerim.baric@lfjpsaly.org") -> yerim.baric@lfjpsaly.org | T40: =IFERROR(__xludf.DUMMYFUNCTION("""COMPUTED_VALUE"""),"BARIC Olivier") -> BARIC Olivier | U40: =IFERROR(__xludf.DUMMYFUNCTION("""COMPUTED_VALUE"""),"BARIC Lika") -> BARIC Lika | V40: =IFERROR(__xludf.DUMMYFUNCTION("""COMPUTED_VALUE"""),"baricolivier@gmail.com") -> baricolivier@gmail.com | W40: =IFERROR(__xludf.DUMMYFUNCTION("""COMPUTED_VALUE"""),"yerimou@me.com") -> yerimou@me.com | X40: =IFERROR(__xludf.DUMMYFUNCTION("""COMPUTED_VALUE"""),"621280298") -> 621280298 | Y40: =IFERROR(__xludf.DUMMYFUNCTION("""COMPUTED_VALUE"""),"619260827") -> 619260827 | AB40: =IFERROR(__xludf.DUMMYFUNCTION("""COMPUTED_VALUE"""),24347) -> 24347 | AC40: =IFERROR(__xludf.DUMMYFUNCTION("""COMPUTED_VALUE"""),25095) -> 25095 | AD40: =IFERROR(__xludf.DUMMYFUNCTION("""COMPUTED_VALUE"""),"PERE") -> PERE | AE40: =IFERROR(__xludf.DUMMYFUNCTION("""COMPUTED_VALUE"""),"MERE") -> MERE | AF40: =IFERROR(__xludf.DUMMYFUNCTION("""COMPUTED_VALUE"""),"FRANCE") -> FRANCE | AG40: =IFERROR(__xludf.DUMMYFUNCTION("""COMPUTED_VALUE"""),"FRANCE") -> FRANCE | AI40: =IFERROR(__xludf.DUMMYFUNCTION("""COMPUTED_VALUE"""),"SENEGAL") -> SENEGAL | AJ40: =IFERROR(__xludf.DUMMYFUNCTION("""COMPUTED_VALUE"""),"F1152") -> F1152 | AK40: =IFERROR(__xludf.DUMMYFUNCTION("""COMPUTED_VALUE"""),"Marié(e)") -> Marié(e) | AL40: =IFERROR(__xludf.DUMMYFUNCTION("""COMPUTED_VALUE"""),"Marié(e)") -> Marié(e) | AM40: =IFERROR(__xludf.DUMMYFUNCTION("""COMPUTED_VALUE"""),"F1152") -> F1152
A41: =IFERROR(__xludf.DUMMYFUNCTION("""COMPUTED_VALUE"""),"BASSOLE-PARIS Ayana") -> BASSOLE-PARIS Ayana | B41: =IFERROR(__xludf.DUMMYFUNCTION("""COMPUTED_VALUE"""),"BASSOLE-PARIS") -> BASSOLE-PARIS | C41: =IFERROR(__xludf.DUMMYFUNCTION("""COMPUTED_VALUE"""),"Ayana") -> Ayana | D41: =IFERROR(__xludf.DUMMYFUNCTION("""COMPUTED_VALUE"""),"1153E1") -> 1153E1 | E41: =IFERROR(__xludf.DUMMYFUNCTION("""COMPUTED_VALUE"""),43146) -> 43146 | F41: =IFERROR(__xludf.DUMMYFUNCTION("""COMPUTED_VALUE"""),"CE1B") -> CE1B | G41: =IFERROR(__xludf.DUMMYFUNCTION("""COMPUTED_VALUE"""),"CE1") -> CE1 | H41: =IFERROR(__xludf.DUMMYFUNCTION("""COMPUTED_VALUE"""),"Lycée Français Jacques Prévert de Saly » Elémentaire » CE1 » Générale") -> Lycée Français Jacques Prévert de Saly » Elémentaire » CE1 » Générale | N41: =IFERROR(__xludf.DUMMYFUNCTION("""COMPUTED_VALUE"""),"Fille") -> Fille | P41: =IFERROR(__xludf.DUMMYFUNCTION("""COMPUTED_VALUE"""),"FRANCE") -> FRANCE | Q41: =IFERROR(__xludf.DUMMYFUNCTION("""COMPUTED_VALUE"""),"SENEGAL") -> SENEGAL | T41: =IFERROR(__xludf.DUMMYFUNCTION("""COMPUTED_VALUE"""),"PARIS Gilles") -> PARIS Gilles | U41: =IFERROR(__xludf.DUMMYFUNCTION("""COMPUTED_VALUE"""),"BASSOLE Sophie") -> BASSOLE Sophie | V41: =IFERROR(__xludf.DUMMYFUNCTION("""COMPUTED_VALUE"""),"paris.gil@wanadoo.fr") -> paris.gil@wanadoo.fr | W41: =IFERROR(__xludf.DUMMYFUNCTION("""COMPUTED_VALUE"""),"sophiebassole93@gmail.com") -> sophiebassole93@gmail.com | X41: =IFERROR(__xludf.DUMMYFUNCTION("""COMPUTED_VALUE"""),"+221 76 356 25 29") -> +221 76 356 25 29 | Y41: =IFERROR(__xludf.DUMMYFUNCTION("""COMPUTED_VALUE"""),"+221 77 809 89 09") -> +221 77 809 89 09 | Z41: =IFERROR(__xludf.DUMMYFUNCTION("""COMPUTED_VALUE"""),"+221 76 356 25 29") -> +221 76 356 25 29 | AA41: =IFERROR(__xludf.DUMMYFUNCTION("""COMPUTED_VALUE"""),"+221 77 809 89 09") -> +221 77 809 89 09 | AB41: =IFERROR(__xludf.DUMMYFUNCTION("""COMPUTED_VALUE"""),22807) -> 22807 | AC41: =IFERROR(__xludf.DUMMYFUNCTION("""COMPUTED_VALUE"""),34028) -> 34028 | AD41: =IFERROR(__xludf.DUMMYFUNCTION("""COMPUTED_VALUE"""),"PERE") -> PERE | AE41: =IFERROR(__xludf.DUMMYFUNCTION("""COMPUTED_VALUE"""),"MERE") -> MERE | AF41: =IFERROR(__xludf.DUMMYFUNCTION("""COMPUTED_VALUE"""),"FRANCE") -> FRANCE | AG41: =IFERROR(__xludf.DUMMYFUNCTION("""COMPUTED_VALUE"""),"SENEGAL") -> SENEGAL | AI41: =IFERROR(__xludf.DUMMYFUNCTION("""COMPUTED_VALUE"""),"FRANCE") -> FRANCE | AJ41: =IFERROR(__xludf.DUMMYFUNCTION("""COMPUTED_VALUE"""),"F1153") -> F1153 | AK41: =IFERROR(__xludf.DUMMYFUNCTION("""COMPUTED_VALUE"""),"Marié(e)") -> Marié(e) | AL41: =IFERROR(__xludf.DUMMYFUNCTION("""COMPUTED_VALUE"""),"Marié(e)") -> Marié(e) | AM41: =IFERROR(__xludf.DUMMYFUNCTION("""COMPUTED_VALUE"""),"F1153") -> F1153
A42: =IFERROR(__xludf.DUMMYFUNCTION("""COMPUTED_VALUE"""),"BASTIDE AHMED Malik") -> BASTIDE AHMED Malik | B42: =IFERROR(__xludf.DUMMYFUNCTION("""COMPUTED_VALUE"""),"BASTIDE AHMED") -> BASTIDE AHMED | C42: =IFERROR(__xludf.DUMMYFUNCTION("""COMPUTED_VALUE"""),"Malik") -> Malik | D42: =IFERROR(__xludf.DUMMYFUNCTION("""COMPUTED_VALUE"""),"1154E1") -> 1154E1 | E42: =IFERROR(__xludf.DUMMYFUNCTION("""COMPUTED_VALUE"""),39667) -> 39667 | F42: =IFERROR(__xludf.DUMMYFUNCTION("""COMPUTED_VALUE"""),"TERMINALE1") -> TERMINALE1 | G42: =IFERROR(__xludf.DUMMYFUNCTION("""COMPUTED_VALUE"""),"Terminale") -> Terminale | H42: =IFERROR(__xludf.DUMMYFUNCTION("""COMPUTED_VALUE"""),"Lycée Français Jacques Prévert de Saly » Lycée » Terminale » Générale") -> Lycée Français Jacques Prévert de Saly » Lycée » Terminale » Générale | I42: =IFERROR(__xludf.DUMMYFUNCTION("""COMPUTED_VALUE"""),"LVA Anglais") -> LVA Anglais | J42: =IFERROR(__xludf.DUMMYFUNCTION("""COMPUTED_VALUE"""),"LVB Espagnol") -> LVB Espagnol | K42: =IFERROR(__xludf.DUMMYFUNCTION("""COMPUTED_VALUE"""),"MATHS EXPERTES") -> MATHS EXPERTES | M42: =IFERROR(__xludf.DUMMYFUNCTION("""COMPUTED_VALUE"""),"SPE MATHS, SPE SPC") -> SPE MATHS, SPE SPC | N42: =IFERROR(__xludf.DUMMYFUNCTION("""COMPUTED_VALUE"""),"Garçon") -> Garçon | P42: =IFERROR(__xludf.DUMMYFUNCTION("""COMPUTED_VALUE"""),"FRANCE") -> FRANCE | Q42: =IFERROR(__xludf.DUMMYFUNCTION("""COMPUTED_VALUE"""),"SUISSE") -> SUISSE | R42: =IFERROR(__xludf.DUMMYFUNCTION("""COMPUTED_VALUE"""),"malik.bastideahmed@lfjpsaly.org") -> malik.bastideahmed@lfjpsaly.org | S42: =IFERROR(__xludf.DUMMYFUNCTION("""COMPUTED_VALUE"""),"+221 78 659 61 75") -> +221 78 659 61 75 | T42: =IFERROR(__xludf.DUMMYFUNCTION("""COMPUTED_VALUE"""),"BASTIDE Joan") -> BASTIDE Joan | U42: =IFERROR(__xludf.DUMMYFUNCTION("""COMPUTED_VALUE"""),"BASTIDE AHMED Jacqueline") -> BASTIDE AHMED Jacqueline | V42: =IFERROR(__xludf.DUMMYFUNCTION("""COMPUTED_VALUE"""),"joanbastide@gmail.com") -> joanbastide@gmail.com | W42: =IFERROR(__xludf.DUMMYFUNCTION("""COMPUTED_VALUE"""),"jakahh@gmail.com") -> jakahh@gmail.com | X42: =IFERROR(__xludf.DUMMYFUNCTION("""COMPUTED_VALUE"""),"+221 78 448 65 73") -> +221 78 448 65 73 | Y42: =IFERROR(__xludf.DUMMYFUNCTION("""COMPUTED_VALUE"""),"+221 77 192 22 10") -> +221 77 192 22 10 | Z42: =IFERROR(__xludf.DUMMYFUNCTION("""COMPUTED_VALUE"""),"+221") -> +221 | AA42: =IFERROR(__xludf.DUMMYFUNCTION("""COMPUTED_VALUE"""),"+221") -> +221 | AB42: =IFERROR(__xludf.DUMMYFUNCTION("""COMPUTED_VALUE"""),29033) -> 29033 | AC42: =IFERROR(__xludf.DUMMYFUNCTION("""COMPUTED_VALUE"""),28537) -> 28537 | AD42: =IFERROR(__xludf.DUMMYFUNCTION("""COMPUTED_VALUE"""),"PERE") -> PERE | AE42: =IFERROR(__xludf.DUMMYFUNCTION("""COMPUTED_VALUE"""),"MERE") -> MERE | AF42: =IFERROR(__xludf.DUMMYFUNCTION("""COMPUTED_VALUE"""),"FRANCE") -> FRANCE | AG42: =IFERROR(__xludf.DUMMYFUNCTION("""COMPUTED_VALUE"""),"SUISSE") -> SUISSE | AH42: =IFERROR(__xludf.DUMMYFUNCTION("""COMPUTED_VALUE"""),"FRANCE") -> FRANCE | AI42: =IFERROR(__xludf.DUMMYFUNCTION("""COMPUTED_VALUE"""),"FRANCE") -> FRANCE | AJ42: =IFERROR(__xludf.DUMMYFUNCTION("""COMPUTED_VALUE"""),"F1154") -> F1154 | AK42: =IFERROR(__xludf.DUMMYFUNCTION("""COMPUTED_VALUE"""),"Marié(e)") -> Marié(e) | AL42: =IFERROR(__xludf.DUMMYFUNCTION("""COMPUTED_VALUE"""),"Marié(e)") -> Marié(e) | AM42: =IFERROR(__xludf.DUMMYFUNCTION("""COMPUTED_VALUE"""),"F1154") -> F1154
A43: =IFERROR(__xludf.DUMMYFUNCTION("""COMPUTED_VALUE"""),"BAZIN DE BEZONS Ayana Marie-Louise Malène") -> BAZIN DE BEZONS Ayana Marie-Louise Malène | B43: =IFERROR(__xludf.DUMMYFUNCTION("""COMPUTED_VALUE"""),"BAZIN DE BEZONS") -> BAZIN DE BEZONS | C43: =IFERROR(__xludf.DUMMYFUNCTION("""COMPUTED_VALUE"""),"Ayana Marie-Louise Malène") -> Ayana Marie-Louise Malène | D43: =IFERROR(__xludf.DUMMYFUNCTION("""COMPUTED_VALUE"""),"1635E1") -> 1635E1 | E43: =IFERROR(__xludf.DUMMYFUNCTION("""COMPUTED_VALUE"""),41766) -> 41766 | F43: =IFERROR(__xludf.DUMMYFUNCTION("""COMPUTED_VALUE"""),"6EME2") -> 6EME2 | G43: =IFERROR(__xludf.DUMMYFUNCTION("""COMPUTED_VALUE"""),"6ème") -> 6ème | H43: =IFERROR(__xludf.DUMMYFUNCTION("""COMPUTED_VALUE"""),"Lycée Français Jacques Prévert de Saly » Collège » 6ème » Générale") -> Lycée Français Jacques Prévert de Saly » Collège » 6ème » Générale | I43: =IFERROR(__xludf.DUMMYFUNCTION("""COMPUTED_VALUE"""),"LVA Anglais") -> LVA Anglais | J43: =IFERROR(__xludf.DUMMYFUNCTION("""COMPUTED_VALUE"""),"LVB Espagnol") -> LVB Espagnol | N43: =IFERROR(__xludf.DUMMYFUNCTION("""COMPUTED_VALUE"""),"Fille") -> Fille | P43: =IFERROR(__xludf.DUMMYFUNCTION("""COMPUTED_VALUE"""),"FRANCE") -> FRANCE | Q43: =IFERROR(__xludf.DUMMYFUNCTION("""COMPUTED_VALUE"""),"SENEGAL") -> SENEGAL | R43: =IFERROR(__xludf.DUMMYFUNCTION("""COMPUTED_VALUE"""),"ayana.bazindebezons@lfjpsaly.org") -> ayana.bazindebezons@lfjpsaly.org | T43: =IFERROR(__xludf.DUMMYFUNCTION("""COMPUTED_VALUE"""),"BAZIN DE BEZONS Ndeye Amy") -> BAZIN DE BEZONS Ndeye Amy | U43: =IFERROR(__xludf.DUMMYFUNCTION("""COMPUTED_VALUE"""),"BAZIN DE BEZONS Olivier") -> BAZIN DE BEZONS Olivier | V43: =IFERROR(__xludf.DUMMYFUNCTION("""COMPUTED_VALUE"""),"namyba@hotmail.com") -> namyba@hotmail.com | W43: =IFERROR(__xludf.DUMMYFUNCTION("""COMPUTED_VALUE"""),"olivier.bazindb@gmail.com") -> olivier.bazindb@gmail.com | X43: =IFERROR(__xludf.DUMMYFUNCTION("""COMPUTED_VALUE"""),"+221 78 182 23 81") -> +221 78 182 23 81 | Y43: =IFERROR(__xludf.DUMMYFUNCTION("""COMPUTED_VALUE"""),"+221 77 718 66 75") -> +221 77 718 66 75 | Z43: =IFERROR(__xludf.DUMMYFUNCTION("""COMPUTED_VALUE"""),"+33 6 27 70 74 45") -> +33 6 27 70 74 45 | AA43: =IFERROR(__xludf.DUMMYFUNCTION("""COMPUTED_VALUE"""),"+33 6 61 71 48 17") -> +33 6 61 71 48 17 | AB43: =IFERROR(__xludf.DUMMYFUNCTION("""COMPUTED_VALUE"""),28749) -> 28749 | AC43: =IFERROR(__xludf.DUMMYFUNCTION("""COMPUTED_VALUE"""),22615) -> 22615 | AD43: =IFERROR(__xludf.DUMMYFUNCTION("""COMPUTED_VALUE"""),"MERE") -> MERE | AE43: =IFERROR(__xludf.DUMMYFUNCTION("""COMPUTED_VALUE"""),"PERE") -> PERE | AF43: =IFERROR(__xludf.DUMMYFUNCTION("""COMPUTED_VALUE"""),"FRANCE") -> FRANCE | AG43: =IFERROR(__xludf.DUMMYFUNCTION("""COMPUTED_VALUE"""),"FRANCE") -> FRANCE | AH43: =IFERROR(__xludf.DUMMYFUNCTION("""COMPUTED_VALUE"""),"SENEGAL") -> SENEGAL | AJ43: =IFERROR(__xludf.DUMMYFUNCTION("""COMPUTED_VALUE"""),"F1635") -> F1635 | AK43: =IFERROR(__xludf.DUMMYFUNCTION("""COMPUTED_VALUE"""),"Marié(e)") -> Marié(e) | AL43: =IFERROR(__xludf.DUMMYFUNCTION("""COMPUTED_VALUE"""),"Marié(e)") -> Marié(e) | AM43: =IFERROR(__xludf.DUMMYFUNCTION("""COMPUTED_VALUE"""),"F1635") -> F1635
A44: =IFERROR(__xludf.DUMMYFUNCTION("""COMPUTED_VALUE"""),"BELKHAYAT ZOUKKARI Ilias") -> BELKHAYAT ZOUKKARI Ilias | B44: =IFERROR(__xludf.DUMMYFUNCTION("""COMPUTED_VALUE"""),"BELKHAYAT ZOUKKARI") -> BELKHAYAT ZOUKKARI | C44: =IFERROR(__xludf.DUMMYFUNCTION("""COMPUTED_VALUE"""),"Ilias") -> Ilias | D44: =IFERROR(__xludf.DUMMYFUNCTION("""COMPUTED_VALUE"""),"1159E2") -> 1159E2 | E44: =IFERROR(__xludf.DUMMYFUNCTION("""COMPUTED_VALUE"""),41128) -> 41128 | F44: =IFERROR(__xludf.DUMMYFUNCTION("""COMPUTED_VALUE"""),"4EME2") -> 4EME2 | G44: =IFERROR(__xludf.DUMMYFUNCTION("""COMPUTED_VALUE"""),"4ème") -> 4ème | H44: =IFERROR(__xludf.DUMMYFUNCTION("""COMPUTED_VALUE"""),"Lycée Français Jacques Prévert de Saly » Collège » 4ème » Générale") -> Lycée Français Jacques Prévert de Saly » Collège » 4ème » Générale | I44: =IFERROR(__xludf.DUMMYFUNCTION("""COMPUTED_VALUE"""),"LVA Anglais") -> LVA Anglais | J44: =IFERROR(__xludf.DUMMYFUNCTION("""COMPUTED_VALUE"""),"LVB Espagnol") -> LVB Espagnol | N44: =IFERROR(__xludf.DUMMYFUNCTION("""COMPUTED_VALUE"""),"Garçon") -> Garçon | P44: =IFERROR(__xludf.DUMMYFUNCTION("""COMPUTED_VALUE"""),"MAROC") -> MAROC | R44: =IFERROR(__xludf.DUMMYFUNCTION("""COMPUTED_VALUE"""),"ilias.belkhayatzoukkari@lfjpsaly.org") -> ilias.belkhayatzoukkari@lfjpsaly.org | S44: =IFERROR(__xludf.DUMMYFUNCTION("""COMPUTED_VALUE"""),"+221 77 829 16 37") -> +221 77 829 16 37 | T44: =IFERROR(__xludf.DUMMYFUNCTION("""COMPUTED_VALUE"""),"BELKHAYAT Siham") -> BELKHAYAT Siham | U44: =IFERROR(__xludf.DUMMYFUNCTION("""COMPUTED_VALUE"""),"BELKHAYAT Mohammed") -> BELKHAYAT Mohammed | V44: =IFERROR(__xludf.DUMMYFUNCTION("""COMPUTED_VALUE"""),"siham.belkhayat4@gmail.com") -> siham.belkhayat4@gmail.com | W44: =IFERROR(__xludf.DUMMYFUNCTION("""COMPUTED_VALUE"""),"Bzmhammed3@gmail.com") -> Bzmhammed3@gmail.com | X44: =IFERROR(__xludf.DUMMYFUNCTION("""COMPUTED_VALUE"""),"+221 77 829 16 37") -> +221 77 829 16 37 | Y44: =IFERROR(__xludf.DUMMYFUNCTION("""COMPUTED_VALUE"""),"+221 77 830 88 57") -> +221 77 830 88 57 | AB44: =IFERROR(__xludf.DUMMYFUNCTION("""COMPUTED_VALUE"""),31692) -> 31692 | AC44: =IFERROR(__xludf.DUMMYFUNCTION("""COMPUTED_VALUE"""),27457) -> 27457 | AD44: =IFERROR(__xludf.DUMMYFUNCTION("""COMPUTED_VALUE"""),"MERE") -> MERE | AE44: =IFERROR(__xludf.DUMMYFUNCTION("""COMPUTED_VALUE"""),"PERE") -> PERE | AF44: =IFERROR(__xludf.DUMMYFUNCTION("""COMPUTED_VALUE"""),"MAROC") -> MAROC | AG44: =IFERROR(__xludf.DUMMYFUNCTION("""COMPUTED_VALUE"""),"MAROC") -> MAROC | AJ44: =IFERROR(__xludf.DUMMYFUNCTION("""COMPUTED_VALUE"""),"F1159") -> F1159 | AK44: =IFERROR(__xludf.DUMMYFUNCTION("""COMPUTED_VALUE"""),"Marié(e)") -> Marié(e) | AL44: =IFERROR(__xludf.DUMMYFUNCTION("""COMPUTED_VALUE"""),"Marié(e)") -> Marié(e) | AM44: =IFERROR(__xludf.DUMMYFUNCTION("""COMPUTED_VALUE"""),"F1159") -> F1159
A45: =IFERROR(__xludf.DUMMYFUNCTION("""COMPUTED_VALUE"""),"BELKHAYAT ZOUKKARI Mouna") -> BELKHAYAT ZOUKKARI Mouna | B45: =IFERROR(__xludf.DUMMYFUNCTION("""COMPUTED_VALUE"""),"BELKHAYAT ZOUKKARI") -> BELKHAYAT ZOUKKARI | C45: =IFERROR(__xludf.DUMMYFUNCTION("""COMPUTED_VALUE"""),"Mouna") -> Mouna | D45: =IFERROR(__xludf.DUMMYFUNCTION("""COMPUTED_VALUE"""),"1159E1") -> 1159E1 | E45: =IFERROR(__xludf.DUMMYFUNCTION("""COMPUTED_VALUE"""),39585) -> 39585 | F45: =IFERROR(__xludf.DUMMYFUNCTION("""COMPUTED_VALUE"""),"TERMINALE1") -> TERMINALE1 | G45: =IFERROR(__xludf.DUMMYFUNCTION("""COMPUTED_VALUE"""),"Terminale") -> Terminale | H45: =IFERROR(__xludf.DUMMYFUNCTION("""COMPUTED_VALUE"""),"Lycée Français Jacques Prévert de Saly » Lycée » Terminale » Générale") -> Lycée Français Jacques Prévert de Saly » Lycée » Terminale » Générale | I45: =IFERROR(__xludf.DUMMYFUNCTION("""COMPUTED_VALUE"""),"LVA Anglais") -> LVA Anglais | J45: =IFERROR(__xludf.DUMMYFUNCTION("""COMPUTED_VALUE"""),"LVB Espagnol") -> LVB Espagnol | K45: =IFERROR(__xludf.DUMMYFUNCTION("""COMPUTED_VALUE"""),"MATHS EXPERTES") -> MATHS EXPERTES | M45: =IFERROR(__xludf.DUMMYFUNCTION("""COMPUTED_VALUE"""),"SPE MATHS, SPE SES") -> SPE MATHS, SPE SES | N45: =IFERROR(__xludf.DUMMYFUNCTION("""COMPUTED_VALUE"""),"Fille") -> Fille | P45: =IFERROR(__xludf.DUMMYFUNCTION("""COMPUTED_VALUE"""),"MAROC") -> MAROC | R45: =IFERROR(__xludf.DUMMYFUNCTION("""COMPUTED_VALUE"""),"mouna.belkhayatzoukkari@lfjpsaly.org") -> mouna.belkhayatzoukkari@lfjpsaly.org | S45: =IFERROR(__xludf.DUMMYFUNCTION("""COMPUTED_VALUE"""),"+221 77 829 16 37") -> +221 77 829 16 37 | T45: =IFERROR(__xludf.DUMMYFUNCTION("""COMPUTED_VALUE"""),"BELKHAYAT Siham") -> BELKHAYAT Siham | U45: =IFERROR(__xludf.DUMMYFUNCTION("""COMPUTED_VALUE"""),"BELKHAYAT Mohammed") -> BELKHAYAT Mohammed | V45: =IFERROR(__xludf.DUMMYFUNCTION("""COMPUTED_VALUE"""),"siham.belkhayat4@gmail.com") -> siham.belkhayat4@gmail.com | W45: =IFERROR(__xludf.DUMMYFUNCTION("""COMPUTED_VALUE"""),"Bzmhammed3@gmail.com") -> Bzmhammed3@gmail.com | X45: =IFERROR(__xludf.DUMMYFUNCTION("""COMPUTED_VALUE"""),"+221 77 829 16 37") -> +221 77 829 16 37 | Y45: =IFERROR(__xludf.DUMMYFUNCTION("""COMPUTED_VALUE"""),"+221 77 830 88 57") -> +221 77 830 88 57 | AB45: =IFERROR(__xludf.DUMMYFUNCTION("""COMPUTED_VALUE"""),31692) -> 31692 | AC45: =IFERROR(__xludf.DUMMYFUNCTION("""COMPUTED_VALUE"""),27457) -> 27457 | AD45: =IFERROR(__xludf.DUMMYFUNCTION("""COMPUTED_VALUE"""),"MERE") -> MERE | AE45: =IFERROR(__xludf.DUMMYFUNCTION("""COMPUTED_VALUE"""),"PERE") -> PERE | AF45: =IFERROR(__xludf.DUMMYFUNCTION("""COMPUTED_VALUE"""),"MAROC") -> MAROC | AG45: =IFERROR(__xludf.DUMMYFUNCTION("""COMPUTED_VALUE"""),"MAROC") -> MAROC | AJ45: =IFERROR(__xludf.DUMMYFUNCTION("""COMPUTED_VALUE"""),"F1159") -> F1159 | AK45: =IFERROR(__xludf.DUMMYFUNCTION("""COMPUTED_VALUE"""),"Marié(e)") -> Marié(e) | AL45: =IFERROR(__xludf.DUMMYFUNCTION("""COMPUTED_VALUE"""),"Marié(e)") -> Marié(e) | AM45: =IFERROR(__xludf.DUMMYFUNCTION("""COMPUTED_VALUE"""),"F1159") -> F1159
A46: =IFERROR(__xludf.DUMMYFUNCTION("""COMPUTED_VALUE"""),"BENARD Angel") -> BENARD Angel | B46: =IFERROR(__xludf.DUMMYFUNCTION("""COMPUTED_VALUE"""),"BENARD") -> BENARD | C46: =IFERROR(__xludf.DUMMYFUNCTION("""COMPUTED_VALUE"""),"Angel") -> Angel | D46: =IFERROR(__xludf.DUMMYFUNCTION("""COMPUTED_VALUE"""),"1161E1") -> 1161E1 | E46: =IFERROR(__xludf.DUMMYFUNCTION("""COMPUTED_VALUE"""),42901) -> 42901 | F46: =IFERROR(__xludf.DUMMYFUNCTION("""COMPUTED_VALUE"""),"CE2") -> CE2 | G46: =IFERROR(__xludf.DUMMYFUNCTION("""COMPUTED_VALUE"""),"CE2") -> CE2 | H46: =IFERROR(__xludf.DUMMYFUNCTION("""COMPUTED_VALUE"""),"Lycée Français Jacques Prévert de Saly » Elémentaire » CE2 » Générale") -> Lycée Français Jacques Prévert de Saly » Elémentaire » CE2 » Générale | N46: =IFERROR(__xludf.DUMMYFUNCTION("""COMPUTED_VALUE"""),"Garçon") -> Garçon | P46: =IFERROR(__xludf.DUMMYFUNCTION("""COMPUTED_VALUE"""),"FRANCE") -> FRANCE | T46: =IFERROR(__xludf.DUMMYFUNCTION("""COMPUTED_VALUE"""),"BÉNARD Vincent") -> BÉNARD Vincent | U46: =IFERROR(__xludf.DUMMYFUNCTION("""COMPUTED_VALUE"""),"KAMARA Fatou") -> KAMARA Fatou | V46: =IFERROR(__xludf.DUMMYFUNCTION("""COMPUTED_VALUE"""),"lesvillasblanches@hotmail.fr") -> lesvillasblanches@hotmail.fr | W46: =IFERROR(__xludf.DUMMYFUNCTION("""COMPUTED_VALUE"""),"camarafatou429@gmail.com") -> camarafatou429@gmail.com | X46: =IFERROR(__xludf.DUMMYFUNCTION("""COMPUTED_VALUE"""),"+221 78 166 02 28") -> +221 78 166 02 28 | Y46: =IFERROR(__xludf.DUMMYFUNCTION("""COMPUTED_VALUE"""),"+221 77 202 97 84") -> +221 77 202 97 84 | Z46: =IFERROR(__xludf.DUMMYFUNCTION("""COMPUTED_VALUE"""),"+221 78 166 02 28") -> +221 78 166 02 28 | AA46: =IFERROR(__xludf.DUMMYFUNCTION("""COMPUTED_VALUE"""),"+221") -> +221 | AB46: =IFERROR(__xludf.DUMMYFUNCTION("""COMPUTED_VALUE"""),27325) -> 27325 | AC46: =IFERROR(__xludf.DUMMYFUNCTION("""COMPUTED_VALUE"""),35356) -> 35356 | AD46: =IFERROR(__xludf.DUMMYFUNCTION("""COMPUTED_VALUE"""),"PERE") -> PERE | AE46: =IFERROR(__xludf.DUMMYFUNCTION("""COMPUTED_VALUE"""),"MERE") -> MERE | AF46: =IFERROR(__xludf.DUMMYFUNCTION("""COMPUTED_VALUE"""),"FRANCE") -> FRANCE | AG46: =IFERROR(__xludf.DUMMYFUNCTION("""COMPUTED_VALUE"""),"SENEGAL") -> SENEGAL | AJ46: =IFERROR(__xludf.DUMMYFUNCTION("""COMPUTED_VALUE"""),"F1161") -> F1161 | AK46: =IFERROR(__xludf.DUMMYFUNCTION("""COMPUTED_VALUE"""),"Séparé(e)") -> Séparé(e) | AL46: =IFERROR(__xludf.DUMMYFUNCTION("""COMPUTED_VALUE"""),"Séparé(e)") -> Séparé(e) | AM46: =IFERROR(__xludf.DUMMYFUNCTION("""COMPUTED_VALUE"""),"F1161") -> F1161
A47: =IFERROR(__xludf.DUMMYFUNCTION("""COMPUTED_VALUE"""),"BENARD Clara") -> BENARD Clara | B47: =IFERROR(__xludf.DUMMYFUNCTION("""COMPUTED_VALUE"""),"BENARD") -> BENARD | C47: =IFERROR(__xludf.DUMMYFUNCTION("""COMPUTED_VALUE"""),"Clara") -> Clara | D47: =IFERROR(__xludf.DUMMYFUNCTION("""COMPUTED_VALUE"""),"1161E2") -> 1161E2 | E47: =IFERROR(__xludf.DUMMYFUNCTION("""COMPUTED_VALUE"""),44607) -> 44607 | F47: =IFERROR(__xludf.DUMMYFUNCTION("""COMPUTED_VALUE"""),"Mat 1") -> Mat 1 | G47: =IFERROR(__xludf.DUMMYFUNCTION("""COMPUTED_VALUE"""),"PS") -> PS | H47: =IFERROR(__xludf.DUMMYFUNCTION("""COMPUTED_VALUE"""),"Lycée Français Jacques Prévert de Saly » Maternelle » PS » Générale") -> Lycée Français Jacques Prévert de Saly » Maternelle » PS » Générale | N47: =IFERROR(__xludf.DUMMYFUNCTION("""COMPUTED_VALUE"""),"Fille") -> Fille | P47: =IFERROR(__xludf.DUMMYFUNCTION("""COMPUTED_VALUE"""),"FRANCE") -> FRANCE | S47: =IFERROR(__xludf.DUMMYFUNCTION("""COMPUTED_VALUE"""),"+221") -> +221 | T47: =IFERROR(__xludf.DUMMYFUNCTION("""COMPUTED_VALUE"""),"BÉNARD Vincent") -> BÉNARD Vincent | U47: =IFERROR(__xludf.DUMMYFUNCTION("""COMPUTED_VALUE"""),"KAMARA Fatou") -> KAMARA Fatou | V47: =IFERROR(__xludf.DUMMYFUNCTION("""COMPUTED_VALUE"""),"lesvillasblanches@hotmail.fr") -> lesvillasblanches@hotmail.fr | W47: =IFERROR(__xludf.DUMMYFUNCTION("""COMPUTED_VALUE"""),"camarafatou429@gmail.com") -> camarafatou429@gmail.com | X47: =IFERROR(__xludf.DUMMYFUNCTION("""COMPUTED_VALUE"""),"+221 78 166 02 28") -> +221 78 166 02 28 | Y47: =IFERROR(__xludf.DUMMYFUNCTION("""COMPUTED_VALUE"""),"+221 77 202 97 84") -> +221 77 202 97 84 | Z47: =IFERROR(__xludf.DUMMYFUNCTION("""COMPUTED_VALUE"""),"+221 78 166 02 28") -> +221 78 166 02 28 | AA47: =IFERROR(__xludf.DUMMYFUNCTION("""COMPUTED_VALUE"""),"+221") -> +221 | AB47: =IFERROR(__xludf.DUMMYFUNCTION("""COMPUTED_VALUE"""),27325) -> 27325 | AC47: =IFERROR(__xludf.DUMMYFUNCTION("""COMPUTED_VALUE"""),35356) -> 35356 | AD47: =IFERROR(__xludf.DUMMYFUNCTION("""COMPUTED_VALUE"""),"PERE") -> PERE | AE47: =IFERROR(__xludf.DUMMYFUNCTION("""COMPUTED_VALUE"""),"MERE") -> MERE | AF47: =IFERROR(__xludf.DUMMYFUNCTION("""COMPUTED_VALUE"""),"FRANCE") -> FRANCE | AG47: =IFERROR(__xludf.DUMMYFUNCTION("""COMPUTED_VALUE"""),"SENEGAL") -> SENEGAL | AJ47: =IFERROR(__xludf.DUMMYFUNCTION("""COMPUTED_VALUE"""),"F1161") -> F1161 | AK47: =IFERROR(__xludf.DUMMYFUNCTION("""COMPUTED_VALUE"""),"Séparé(e)") -> Séparé(e) | AL47: =IFERROR(__xludf.DUMMYFUNCTION("""COMPUTED_VALUE"""),"Séparé(e)") -> Séparé(e) | AM47: =IFERROR(__xludf.DUMMYFUNCTION("""COMPUTED_VALUE"""),"F1161") -> F1161
A48: =IFERROR(__xludf.DUMMYFUNCTION("""COMPUTED_VALUE"""),"BENGUIGUI Esther") -> BENGUIGUI Esther | B48: =IFERROR(__xludf.DUMMYFUNCTION("""COMPUTED_VALUE"""),"BENGUIGUI") -> BENGUIGUI | C48: =IFERROR(__xludf.DUMMYFUNCTION("""COMPUTED_VALUE"""),"Esther") -> Esther | D48: =IFERROR(__xludf.DUMMYFUNCTION("""COMPUTED_VALUE"""),"1162E1") -> 1162E1 | E48: =IFERROR(__xludf.DUMMYFUNCTION("""COMPUTED_VALUE"""),42047) -> 42047 | F48: =IFERROR(__xludf.DUMMYFUNCTION("""COMPUTED_VALUE"""),"CM2B") -> CM2B | G48: =IFERROR(__xludf.DUMMYFUNCTION("""COMPUTED_VALUE"""),"CM2") -> CM2 | H48: =IFERROR(__xludf.DUMMYFUNCTION("""COMPUTED_VALUE"""),"Lycée Français Jacques Prévert de Saly » Elémentaire » CM2 » Générale") -> Lycée Français Jacques Prévert de Saly » Elémentaire » CM2 » Générale | N48: =IFERROR(__xludf.DUMMYFUNCTION("""COMPUTED_VALUE"""),"Fille") -> Fille | P48: =IFERROR(__xludf.DUMMYFUNCTION("""COMPUTED_VALUE"""),"FRANCE") -> FRANCE | Q48: =IFERROR(__xludf.DUMMYFUNCTION("""COMPUTED_VALUE"""),"SENEGAL") -> SENEGAL | S48: =IFERROR(__xludf.DUMMYFUNCTION("""COMPUTED_VALUE"""),"+221778072053/781927315") -> +221778072053/781927315 | T48: =IFERROR(__xludf.DUMMYFUNCTION("""COMPUTED_VALUE"""),"BENGUIGUI Jean-Jacques") -> BENGUIGUI Jean-Jacques | U48: =IFERROR(__xludf.DUMMYFUNCTION("""COMPUTED_VALUE"""),"NDIAYE Eliane") -> NDIAYE Eliane | V48: =IFERROR(__xludf.DUMMYFUNCTION("""COMPUTED_VALUE"""),"tenta.71@hotmail.fr") -> tenta.71@hotmail.fr | W48: =IFERROR(__xludf.DUMMYFUNCTION("""COMPUTED_VALUE"""),"tndiaye124@gmail.com") -> tndiaye124@gmail.com | X48: =IFERROR(__xludf.DUMMYFUNCTION("""COMPUTED_VALUE"""),"+221 78 192 73 15") -> +221 78 192 73 15 | Y48: =IFERROR(__xludf.DUMMYFUNCTION("""COMPUTED_VALUE"""),"+221 77 807 20 53") -> +221 77 807 20 53 | Z48: =IFERROR(__xludf.DUMMYFUNCTION("""COMPUTED_VALUE"""),"+221") -> +221 | AA48: =IFERROR(__xludf.DUMMYFUNCTION("""COMPUTED_VALUE"""),"+221") -> +221 | AB48: =IFERROR(__xludf.DUMMYFUNCTION("""COMPUTED_VALUE"""),20505) -> 20505 | AC48: =IFERROR(__xludf.DUMMYFUNCTION("""COMPUTED_VALUE"""),33604) -> 33604 | AD48: =IFERROR(__xludf.DUMMYFUNCTION("""COMPUTED_VALUE"""),"PERE") -> PERE | AE48: =IFERROR(__xludf.DUMMYFUNCTION("""COMPUTED_VALUE"""),"MERE") -> MERE | AF48: =IFERROR(__xludf.DUMMYFUNCTION("""COMPUTED_VALUE"""),"FRANCE") -> FRANCE | AG48: =IFERROR(__xludf.DUMMYFUNCTION("""COMPUTED_VALUE"""),"SENEGAL") -> SENEGAL | AJ48: =IFERROR(__xludf.DUMMYFUNCTION("""COMPUTED_VALUE"""),"F1162") -> F1162 | AK48: =IFERROR(__xludf.DUMMYFUNCTION("""COMPUTED_VALUE"""),"CONCUBINAGE") -> CONCUBINAGE | AL48: =IFERROR(__xludf.DUMMYFUNCTION("""COMPUTED_VALUE"""),"CONCUBINAGE") -> CONCUBINAGE | AM48: =IFERROR(__xludf.DUMMYFUNCTION("""COMPUTED_VALUE"""),"F1162") -> F1162
A49: =IFERROR(__xludf.DUMMYFUNCTION("""COMPUTED_VALUE"""),"BENSON Marilyse Lucia Fanta") -> BENSON Marilyse Lucia Fanta | B49: =IFERROR(__xludf.DUMMYFUNCTION("""COMPUTED_VALUE"""),"BENSON") -> BENSON | C49: =IFERROR(__xludf.DUMMYFUNCTION("""COMPUTED_VALUE"""),"Marilyse Lucia Fanta") -> Marilyse Lucia Fanta | D49: =IFERROR(__xludf.DUMMYFUNCTION("""COMPUTED_VALUE"""),"1163E1") -> 1163E1 | E49: =IFERROR(__xludf.DUMMYFUNCTION("""COMPUTED_VALUE"""),40219) -> 40219 | F49: =IFERROR(__xludf.DUMMYFUNCTION("""COMPUTED_VALUE"""),"1ERE1") -> 1ERE1 | G49: =IFERROR(__xludf.DUMMYFUNCTION("""COMPUTED_VALUE"""),"1ère") -> 1ère | H49: =IFERROR(__xludf.DUMMYFUNCTION("""COMPUTED_VALUE"""),"Lycée Français Jacques Prévert de Saly » Lycée » 1ère » Générale") -> Lycée Français Jacques Prévert de Saly » Lycée » 1ère » Générale | I49: =IFERROR(__xludf.DUMMYFUNCTION("""COMPUTED_VALUE"""),"LVA Anglais") -> LVA Anglais | J49: =IFERROR(__xludf.DUMMYFUNCTION("""COMPUTED_VALUE"""),"LVB Espagnol") -> LVB Espagnol | M49: =IFERROR(__xludf.DUMMYFUNCTION("""COMPUTED_VALUE"""),"SPE MATHS, SPE SES, SPE SPC") -> SPE MATHS, SPE SES, SPE SPC | N49: =IFERROR(__xludf.DUMMYFUNCTION("""COMPUTED_VALUE"""),"Fille") -> Fille | P49: =IFERROR(__xludf.DUMMYFUNCTION("""COMPUTED_VALUE"""),"FRANCE") -> FRANCE | Q49: =IFERROR(__xludf.DUMMYFUNCTION("""COMPUTED_VALUE"""),"COTE D'IVOIRE") -> COTE D'IVOIRE | R49: =IFERROR(__xludf.DUMMYFUNCTION("""COMPUTED_VALUE"""),"marilyse.benson@lfjpsaly.org") -> marilyse.benson@lfjpsaly.org | S49: =IFERROR(__xludf.DUMMYFUNCTION("""COMPUTED_VALUE"""),"+221 77 090 59 87") -> +221 77 090 59 87 | T49: =IFERROR(__xludf.DUMMYFUNCTION("""COMPUTED_VALUE"""),"BENSON Odette Sira Eliane Juliette") -> BENSON Odette Sira Eliane Juliette | U49: =IFERROR(__xludf.DUMMYFUNCTION("""COMPUTED_VALUE"""),"BENSON Valentin Omar") -> BENSON Valentin Omar | V49: =IFERROR(__xludf.DUMMYFUNCTION("""COMPUTED_VALUE"""),"odette.benson@gmail.com") -> odette.benson@gmail.com | W49: =IFERROR(__xludf.DUMMYFUNCTION("""COMPUTED_VALUE"""),"ovbenson@gmail.com") -> ovbenson@gmail.com | X49: =IFERROR(__xludf.DUMMYFUNCTION("""COMPUTED_VALUE"""),"+221 77 494 16 48") -> +221 77 494 16 48 | Y49: =IFERROR(__xludf.DUMMYFUNCTION("""COMPUTED_VALUE"""),"+221 77 298 20 22") -> +221 77 298 20 22 | Z49: =IFERROR(__xludf.DUMMYFUNCTION("""COMPUTED_VALUE"""),"+221 77 494 16 48") -> +221 77 494 16 48 | AA49: =IFERROR(__xludf.DUMMYFUNCTION("""COMPUTED_VALUE"""),"+221 77 298 20 22") -> +221 77 298 20 22 | AB49: =IFERROR(__xludf.DUMMYFUNCTION("""COMPUTED_VALUE"""),24375) -> 24375 | AC49: =IFERROR(__xludf.DUMMYFUNCTION("""COMPUTED_VALUE"""),25181) -> 25181 | AD49: =IFERROR(__xludf.DUMMYFUNCTION("""COMPUTED_VALUE"""),"MERE") -> MERE | AE49: =IFERROR(__xludf.DUMMYFUNCTION("""COMPUTED_VALUE"""),"PERE") -> PERE | AF49: =IFERROR(__xludf.DUMMYFUNCTION("""COMPUTED_VALUE"""),"FRANCE") -> FRANCE | AG49: =IFERROR(__xludf.DUMMYFUNCTION("""COMPUTED_VALUE"""),"FRANCE") -> FRANCE | AH49: =IFERROR(__xludf.DUMMYFUNCTION("""COMPUTED_VALUE"""),"SENEGAL") -> SENEGAL | AI49: =IFERROR(__xludf.DUMMYFUNCTION("""COMPUTED_VALUE"""),"COTE D'IVOIRE") -> COTE D'IVOIRE | AJ49: =IFERROR(__xludf.DUMMYFUNCTION("""COMPUTED_VALUE"""),"F1163") -> F1163 | AK49: =IFERROR(__xludf.DUMMYFUNCTION("""COMPUTED_VALUE"""),"Marié(e)") -> Marié(e) | AL49: =IFERROR(__xludf.DUMMYFUNCTION("""COMPUTED_VALUE"""),"Marié(e)") -> Marié(e) | AM49: =IFERROR(__xludf.DUMMYFUNCTION("""COMPUTED_VALUE"""),"F1163") -> F1163
A50: =IFERROR(__xludf.DUMMYFUNCTION("""COMPUTED_VALUE"""),"BERGOT Mathieu Yohan") -> BERGOT Mathieu Yohan | B50: =IFERROR(__xludf.DUMMYFUNCTION("""COMPUTED_VALUE"""),"BERGOT") -> BERGOT | C50: =IFERROR(__xludf.DUMMYFUNCTION("""COMPUTED_VALUE"""),"Mathieu Yohan") -> Mathieu Yohan | D50: =IFERROR(__xludf.DUMMYFUNCTION("""COMPUTED_VALUE"""),"1164E1") -> 1164E1 | E50: =IFERROR(__xludf.DUMMYFUNCTION("""COMPUTED_VALUE"""),39951) -> 39951 | F50: =IFERROR(__xludf.DUMMYFUNCTION("""COMPUTED_VALUE"""),"3EME2") -> 3EME2 | G50: =IFERROR(__xludf.DUMMYFUNCTION("""COMPUTED_VALUE"""),"3ème") -> 3ème | H50: =IFERROR(__xludf.DUMMYFUNCTION("""COMPUTED_VALUE"""),"Lycée Français Jacques Prévert de Saly » Collège » 3ème » Générale") -> Lycée Français Jacques Prévert de Saly » Collège » 3ème » Générale | I50: =IFERROR(__xludf.DUMMYFUNCTION("""COMPUTED_VALUE"""),"LVA Anglais") -> LVA Anglais | J50: =IFERROR(__xludf.DUMMYFUNCTION("""COMPUTED_VALUE"""),"LVB Espagnol") -> LVB Espagnol | N50: =IFERROR(__xludf.DUMMYFUNCTION("""COMPUTED_VALUE"""),"Garçon") -> Garçon | P50: =IFERROR(__xludf.DUMMYFUNCTION("""COMPUTED_VALUE"""),"FRANCE") -> FRANCE | R50: =IFERROR(__xludf.DUMMYFUNCTION("""COMPUTED_VALUE"""),"mathieu.bergot@lfjpsaly.org") -> mathieu.bergot@lfjpsaly.org | T50: =IFERROR(__xludf.DUMMYFUNCTION("""COMPUTED_VALUE"""),"BERGOT Mairama") -> BERGOT Mairama | V50: =IFERROR(__xludf.DUMMYFUNCTION("""COMPUTED_VALUE"""),"mndjock@gmail.com") -> mndjock@gmail.com | X50: =IFERROR(__xludf.DUMMYFUNCTION("""COMPUTED_VALUE"""),"+221 77 262 38 59") -> +221 77 262 38 59 | Z50: =IFERROR(__xludf.DUMMYFUNCTION("""COMPUTED_VALUE"""),"+221") -> +221 | AB50: =IFERROR(__xludf.DUMMYFUNCTION("""COMPUTED_VALUE"""),30633) -> 30633 | AD50: =IFERROR(__xludf.DUMMYFUNCTION("""COMPUTED_VALUE"""),"MERE") -> MERE | AF50: =IFERROR(__xludf.DUMMYFUNCTION("""COMPUTED_VALUE"""),"CAMEROUN") -> CAMEROUN | AJ50: =IFERROR(__xludf.DUMMYFUNCTION("""COMPUTED_VALUE"""),"F1164") -> F1164 | AK50: =IFERROR(__xludf.DUMMYFUNCTION("""COMPUTED_VALUE"""),"Célibataire") -> Célibataire | AM50: =IFERROR(__xludf.DUMMYFUNCTION("""COMPUTED_VALUE"""),"F1164") -> F1164
A51: =IFERROR(__xludf.DUMMYFUNCTION("""COMPUTED_VALUE"""),"BERNARDES DINIZ Helena") -> BERNARDES DINIZ Helena | B51: =IFERROR(__xludf.DUMMYFUNCTION("""COMPUTED_VALUE"""),"BERNARDES DINIZ") -> BERNARDES DINIZ | C51: =IFERROR(__xludf.DUMMYFUNCTION("""COMPUTED_VALUE"""),"Helena") -> Helena | D51: =IFERROR(__xludf.DUMMYFUNCTION("""COMPUTED_VALUE"""),"1636E2") -> 1636E2 | E51: =IFERROR(__xludf.DUMMYFUNCTION("""COMPUTED_VALUE"""),41626) -> 41626 | F51: =IFERROR(__xludf.DUMMYFUNCTION("""COMPUTED_VALUE"""),"6EME2") -> 6EME2 | G51: =IFERROR(__xludf.DUMMYFUNCTION("""COMPUTED_VALUE"""),"6ème") -> 6ème | H51: =IFERROR(__xludf.DUMMYFUNCTION("""COMPUTED_VALUE"""),"Lycée Français Jacques Prévert de Saly » Collège » 6ème » Générale") -> Lycée Français Jacques Prévert de Saly » Collège » 6ème » Générale | I51: =IFERROR(__xludf.DUMMYFUNCTION("""COMPUTED_VALUE"""),"LVA Anglais") -> LVA Anglais | J51: =IFERROR(__xludf.DUMMYFUNCTION("""COMPUTED_VALUE"""),"LVB Espagnol") -> LVB Espagnol | N51: =IFERROR(__xludf.DUMMYFUNCTION("""COMPUTED_VALUE"""),"Fille") -> Fille | P51: =IFERROR(__xludf.DUMMYFUNCTION("""COMPUTED_VALUE"""),"BRESIL") -> BRESIL | R51: =IFERROR(__xludf.DUMMYFUNCTION("""COMPUTED_VALUE"""),"helena.bernardes@lfjpsaly.org") -> helena.bernardes@lfjpsaly.org | T51: =IFERROR(__xludf.DUMMYFUNCTION("""COMPUTED_VALUE"""),"DINIZ Janina") -> DINIZ Janina | U51: =IFERROR(__xludf.DUMMYFUNCTION("""COMPUTED_VALUE"""),"DINIZ Daniel") -> DINIZ Daniel | V51: =IFERROR(__xludf.DUMMYFUNCTION("""COMPUTED_VALUE"""),"backupjanina@gmail.com") -> backupjanina@gmail.com | W51: =IFERROR(__xludf.DUMMYFUNCTION("""COMPUTED_VALUE"""),"danieldiniz83@yahoo.com") -> danieldiniz83@yahoo.com | X51: =IFERROR(__xludf.DUMMYFUNCTION("""COMPUTED_VALUE"""),"+221 76 384 14 08") -> +221 76 384 14 08 | Y51: =IFERROR(__xludf.DUMMYFUNCTION("""COMPUTED_VALUE"""),"+216 56 639 747") -> +216 56 639 747 | Z51: =IFERROR(__xludf.DUMMYFUNCTION("""COMPUTED_VALUE"""),"+216") -> +216 | AA51: =IFERROR(__xludf.DUMMYFUNCTION("""COMPUTED_VALUE"""),"+216 56 639 771") -> +216 56 639 771 | AB51: =IFERROR(__xludf.DUMMYFUNCTION("""COMPUTED_VALUE"""),31638) -> 31638 | AC51: =IFERROR(__xludf.DUMMYFUNCTION("""COMPUTED_VALUE"""),30674) -> 30674 | AD51: =IFERROR(__xludf.DUMMYFUNCTION("""COMPUTED_VALUE"""),"MERE") -> MERE | AE51: =IFERROR(__xludf.DUMMYFUNCTION("""COMPUTED_VALUE"""),"PERE") -> PERE | AF51: =IFERROR(__xludf.DUMMYFUNCTION("""COMPUTED_VALUE"""),"BRESIL") -> BRESIL | AG51: =IFERROR(__xludf.DUMMYFUNCTION("""COMPUTED_VALUE"""),"BRESIL") -> BRESIL | AJ51: =IFERROR(__xludf.DUMMYFUNCTION("""COMPUTED_VALUE"""),"F1636") -> F1636 | AK51: =IFERROR(__xludf.DUMMYFUNCTION("""COMPUTED_VALUE"""),"Marié(e)") -> Marié(e) | AL51: =IFERROR(__xludf.DUMMYFUNCTION("""COMPUTED_VALUE"""),"Marié(e)") -> Marié(e) | AM51: =IFERROR(__xludf.DUMMYFUNCTION("""COMPUTED_VALUE"""),"F1636") -> F1636
A52: =IFERROR(__xludf.DUMMYFUNCTION("""COMPUTED_VALUE"""),"BERNARDES DINIZ Noemi") -> BERNARDES DINIZ Noemi | B52: =IFERROR(__xludf.DUMMYFUNCTION("""COMPUTED_VALUE"""),"BERNARDES DINIZ") -> BERNARDES DINIZ | C52: =IFERROR(__xludf.DUMMYFUNCTION("""COMPUTED_VALUE"""),"Noemi") -> Noemi | D52: =IFERROR(__xludf.DUMMYFUNCTION("""COMPUTED_VALUE"""),"1636E3") -> 1636E3 | E52: =IFERROR(__xludf.DUMMYFUNCTION("""COMPUTED_VALUE"""),44399) -> 44399 | F52: =IFERROR(__xludf.DUMMYFUNCTION("""COMPUTED_VALUE"""),"Mat 2") -> Mat 2 | G52: =IFERROR(__xludf.DUMMYFUNCTION("""COMPUTED_VALUE"""),"MS") -> MS | H52: =IFERROR(__xludf.DUMMYFUNCTION("""COMPUTED_VALUE"""),"Lycée Français Jacques Prévert de Saly » Maternelle » MS » Générale") -> Lycée Français Jacques Prévert de Saly » Maternelle » MS » Générale | N52: =IFERROR(__xludf.DUMMYFUNCTION("""COMPUTED_VALUE"""),"Fille") -> Fille | P52: =IFERROR(__xludf.DUMMYFUNCTION("""COMPUTED_VALUE"""),"BRESIL") -> BRESIL | T52: =IFERROR(__xludf.DUMMYFUNCTION("""COMPUTED_VALUE"""),"DINIZ Janina") -> DINIZ Janina | U52: =IFERROR(__xludf.DUMMYFUNCTION("""COMPUTED_VALUE"""),"DINIZ Daniel") -> DINIZ Daniel | V52: =IFERROR(__xludf.DUMMYFUNCTION("""COMPUTED_VALUE"""),"backupjanina@gmail.com") -> backupjanina@gmail.com | W52: =IFERROR(__xludf.DUMMYFUNCTION("""COMPUTED_VALUE"""),"danieldiniz83@yahoo.com") -> danieldiniz83@yahoo.com | X52: =IFERROR(__xludf.DUMMYFUNCTION("""COMPUTED_VALUE"""),"+221 76 384 14 08") -> +221 76 384 14 08 | Y52: =IFERROR(__xludf.DUMMYFUNCTION("""COMPUTED_VALUE"""),"+216 56 639 747") -> +216 56 639 747 | Z52: =IFERROR(__xludf.DUMMYFUNCTION("""COMPUTED_VALUE"""),"+216") -> +216 | AA52: =IFERROR(__xludf.DUMMYFUNCTION("""COMPUTED_VALUE"""),"+216 56 639 771") -> +216 56 639 771 | AB52: =IFERROR(__xludf.DUMMYFUNCTION("""COMPUTED_VALUE"""),31638) -> 31638 | AC52: =IFERROR(__xludf.DUMMYFUNCTION("""COMPUTED_VALUE"""),30674) -> 30674 | AD52: =IFERROR(__xludf.DUMMYFUNCTION("""COMPUTED_VALUE"""),"MERE") -> MERE | AE52: =IFERROR(__xludf.DUMMYFUNCTION("""COMPUTED_VALUE"""),"PERE") -> PERE | AF52: =IFERROR(__xludf.DUMMYFUNCTION("""COMPUTED_VALUE"""),"BRESIL") -> BRESIL | AG52: =IFERROR(__xludf.DUMMYFUNCTION("""COMPUTED_VALUE"""),"BRESIL") -> BRESIL | AJ52: =IFERROR(__xludf.DUMMYFUNCTION("""COMPUTED_VALUE"""),"F1636") -> F1636 | AK52: =IFERROR(__xludf.DUMMYFUNCTION("""COMPUTED_VALUE"""),"Marié(e)") -> Marié(e) | AL52: =IFERROR(__xludf.DUMMYFUNCTION("""COMPUTED_VALUE"""),"Marié(e)") -> Marié(e) | AM52: =IFERROR(__xludf.DUMMYFUNCTION("""COMPUTED_VALUE"""),"F1636") -> F1636
A53: =IFERROR(__xludf.DUMMYFUNCTION("""COMPUTED_VALUE"""),"BERNIER Fatou Iréne") -> BERNIER Fatou Iréne | B53: =IFERROR(__xludf.DUMMYFUNCTION("""COMPUTED_VALUE"""),"BERNIER") -> BERNIER | C53: =IFERROR(__xludf.DUMMYFUNCTION("""COMPUTED_VALUE"""),"Fatou Iréne") -> Fatou Iréne | D53: =IFERROR(__xludf.DUMMYFUNCTION("""COMPUTED_VALUE"""),"1165E1") -> 1165E1 | E53: =IFERROR(__xludf.DUMMYFUNCTION("""COMPUTED_VALUE"""),42893) -> 42893 | F53: =IFERROR(__xludf.DUMMYFUNCTION("""COMPUTED_VALUE"""),"CE1A") -> CE1A | G53: =IFERROR(__xludf.DUMMYFUNCTION("""COMPUTED_VALUE"""),"CE1") -> CE1 | H53: =IFERROR(__xludf.DUMMYFUNCTION("""COMPUTED_VALUE"""),"Lycée Français Jacques Prévert de Saly » Elémentaire » CE1 » Générale") -> Lycée Français Jacques Prévert de Saly » Elémentaire » CE1 » Générale | N53: =IFERROR(__xludf.DUMMYFUNCTION("""COMPUTED_VALUE"""),"Fille") -> Fille | P53: =IFERROR(__xludf.DUMMYFUNCTION("""COMPUTED_VALUE"""),"FRANCE") -> FRANCE | T53: =IFERROR(__xludf.DUMMYFUNCTION("""COMPUTED_VALUE"""),"FALL Ndeye Coumba") -> FALL Ndeye Coumba | V53: =IFERROR(__xludf.DUMMYFUNCTION("""COMPUTED_VALUE"""),"ndeyecoumbafall767@gmail.com") -> ndeyecoumbafall767@gmail.com | X53: =IFERROR(__xludf.DUMMYFUNCTION("""COMPUTED_VALUE"""),"+221 77 996 74 29") -> +221 77 996 74 29 | Z53: =IFERROR(__xludf.DUMMYFUNCTION("""COMPUTED_VALUE"""),"+221") -> +221 | AB53: =IFERROR(__xludf.DUMMYFUNCTION("""COMPUTED_VALUE"""),28413) -> 28413 | AD53: =IFERROR(__xludf.DUMMYFUNCTION("""COMPUTED_VALUE"""),"MERE") -> MERE | AF53: =IFERROR(__xludf.DUMMYFUNCTION("""COMPUTED_VALUE"""),"SENEGAL") -> SENEGAL | AJ53: =IFERROR(__xludf.DUMMYFUNCTION("""COMPUTED_VALUE"""),"F1165") -> F1165 | AK53: =IFERROR(__xludf.DUMMYFUNCTION("""COMPUTED_VALUE"""),"Célibataire") -> Célibataire | AM53: =IFERROR(__xludf.DUMMYFUNCTION("""COMPUTED_VALUE"""),"F1165") -> F1165
A54: =IFERROR(__xludf.DUMMYFUNCTION("""COMPUTED_VALUE"""),"BERTIER Henri-Philippe") -> BERTIER Henri-Philippe | B54: =IFERROR(__xludf.DUMMYFUNCTION("""COMPUTED_VALUE"""),"BERTIER") -> BERTIER | C54: =IFERROR(__xludf.DUMMYFUNCTION("""COMPUTED_VALUE"""),"Henri-Philippe") -> Henri-Philippe | D54: =IFERROR(__xludf.DUMMYFUNCTION("""COMPUTED_VALUE"""),"1167E1") -> 1167E1 | E54: =IFERROR(__xludf.DUMMYFUNCTION("""COMPUTED_VALUE"""),43326) -> 43326 | F54: =IFERROR(__xludf.DUMMYFUNCTION("""COMPUTED_VALUE"""),"CE1B") -> CE1B | G54: =IFERROR(__xludf.DUMMYFUNCTION("""COMPUTED_VALUE"""),"CE1") -> CE1 | H54: =IFERROR(__xludf.DUMMYFUNCTION("""COMPUTED_VALUE"""),"Lycée Français Jacques Prévert de Saly » Elémentaire » CE1 » Générale") -> Lycée Français Jacques Prévert de Saly » Elémentaire » CE1 » Générale | N54: =IFERROR(__xludf.DUMMYFUNCTION("""COMPUTED_VALUE"""),"Garçon") -> Garçon | P54: =IFERROR(__xludf.DUMMYFUNCTION("""COMPUTED_VALUE"""),"FRANCE") -> FRANCE | T54: =IFERROR(__xludf.DUMMYFUNCTION("""COMPUTED_VALUE"""),"NOKIZE Nadege Kevine") -> NOKIZE Nadege Kevine | V54: =IFERROR(__xludf.DUMMYFUNCTION("""COMPUTED_VALUE"""),"nokizekevine2@gmail.com") -> nokizekevine2@gmail.com | X54: =IFERROR(__xludf.DUMMYFUNCTION("""COMPUTED_VALUE"""),"+221 77 178 25 86") -> +221 77 178 25 86 | Z54: =IFERROR(__xludf.DUMMYFUNCTION("""COMPUTED_VALUE"""),"+221 77 178 25 86") -> +221 77 178 25 86 | AB54: =IFERROR(__xludf.DUMMYFUNCTION("""COMPUTED_VALUE"""),33533) -> 33533 | AD54: =IFERROR(__xludf.DUMMYFUNCTION("""COMPUTED_VALUE"""),"MERE") -> MERE | AF54: =IFERROR(__xludf.DUMMYFUNCTION("""COMPUTED_VALUE"""),"CAMEROUN") -> CAMEROUN | AJ54: =IFERROR(__xludf.DUMMYFUNCTION("""COMPUTED_VALUE"""),"F1167") -> F1167 | AK54: =IFERROR(__xludf.DUMMYFUNCTION("""COMPUTED_VALUE"""),"Célibataire") -> Célibataire | AM54: =IFERROR(__xludf.DUMMYFUNCTION("""COMPUTED_VALUE"""),"F1167") -> F1167
A55: =IFERROR(__xludf.DUMMYFUNCTION("""COMPUTED_VALUE"""),"BEYE Fatoumata Zahra") -> BEYE Fatoumata Zahra | B55: =IFERROR(__xludf.DUMMYFUNCTION("""COMPUTED_VALUE"""),"BEYE") -> BEYE | C55: =IFERROR(__xludf.DUMMYFUNCTION("""COMPUTED_VALUE"""),"Fatoumata Zahra") -> Fatoumata Zahra | D55: =IFERROR(__xludf.DUMMYFUNCTION("""COMPUTED_VALUE"""),"1168E1") -> 1168E1 | E55: =IFERROR(__xludf.DUMMYFUNCTION("""COMPUTED_VALUE"""),42099) -> 42099 | F55: =IFERROR(__xludf.DUMMYFUNCTION("""COMPUTED_VALUE"""),"CM2A") -> CM2A | G55: =IFERROR(__xludf.DUMMYFUNCTION("""COMPUTED_VALUE"""),"CM2") -> CM2 | H55: =IFERROR(__xludf.DUMMYFUNCTION("""COMPUTED_VALUE"""),"Lycée Français Jacques Prévert de Saly » Elémentaire » CM2 » Générale") -> Lycée Français Jacques Prévert de Saly » Elémentaire » CM2 » Générale | N55: =IFERROR(__xludf.DUMMYFUNCTION("""COMPUTED_VALUE"""),"Fille") -> Fille | P55: =IFERROR(__xludf.DUMMYFUNCTION("""COMPUTED_VALUE"""),"SENEGAL") -> SENEGAL | T55: =IFERROR(__xludf.DUMMYFUNCTION("""COMPUTED_VALUE"""),"BEYE Mamadou") -> BEYE Mamadou | U55: =IFERROR(__xludf.DUMMYFUNCTION("""COMPUTED_VALUE"""),"SENE Awa") -> SENE Awa | V55: =IFERROR(__xludf.DUMMYFUNCTION("""COMPUTED_VALUE"""),"mamdoubeye@yahoo.fr") -> mamdoubeye@yahoo.fr | W55: =IFERROR(__xludf.DUMMYFUNCTION("""COMPUTED_VALUE"""),"awasene81@yahoo.fr") -> awasene81@yahoo.fr | X55: =IFERROR(__xludf.DUMMYFUNCTION("""COMPUTED_VALUE"""),"+221 77 406 55 30") -> +221 77 406 55 30 | Y55: =IFERROR(__xludf.DUMMYFUNCTION("""COMPUTED_VALUE"""),"+221 77 449 73 30") -> +221 77 449 73 30 | Z55: =IFERROR(__xludf.DUMMYFUNCTION("""COMPUTED_VALUE"""),"+221") -> +221 | AA55: =IFERROR(__xludf.DUMMYFUNCTION("""COMPUTED_VALUE"""),"+221") -> +221 | AB55: =IFERROR(__xludf.DUMMYFUNCTION("""COMPUTED_VALUE"""),28725) -> 28725 | AC55: =IFERROR(__xludf.DUMMYFUNCTION("""COMPUTED_VALUE"""),29720) -> 29720 | AD55: =IFERROR(__xludf.DUMMYFUNCTION("""COMPUTED_VALUE"""),"PERE") -> PERE | AE55: =IFERROR(__xludf.DUMMYFUNCTION("""COMPUTED_VALUE"""),"MERE") -> MERE | AF55: =IFERROR(__xludf.DUMMYFUNCTION("""COMPUTED_VALUE"""),"SENEGAL") -> SENEGAL | AG55: =IFERROR(__xludf.DUMMYFUNCTION("""COMPUTED_VALUE"""),"SENEGAL") -> SENEGAL | AJ55: =IFERROR(__xludf.DUMMYFUNCTION("""COMPUTED_VALUE"""),"F1168") -> F1168 | AK55: =IFERROR(__xludf.DUMMYFUNCTION("""COMPUTED_VALUE"""),"Marié(e)") -> Marié(e) | AL55: =IFERROR(__xludf.DUMMYFUNCTION("""COMPUTED_VALUE"""),"Marié(e)") -> Marié(e) | AM55: =IFERROR(__xludf.DUMMYFUNCTION("""COMPUTED_VALUE"""),"F1168") -> F1168
A56: =IFERROR(__xludf.DUMMYFUNCTION("""COMPUTED_VALUE"""),"BIARD Adriano") -> BIARD Adriano | B56: =IFERROR(__xludf.DUMMYFUNCTION("""COMPUTED_VALUE"""),"BIARD") -> BIARD | C56: =IFERROR(__xludf.DUMMYFUNCTION("""COMPUTED_VALUE"""),"Adriano") -> Adriano | D56: =IFERROR(__xludf.DUMMYFUNCTION("""COMPUTED_VALUE"""),"1170E1") -> 1170E1 | E56: =IFERROR(__xludf.DUMMYFUNCTION("""COMPUTED_VALUE"""),44487) -> 44487 | F56: =IFERROR(__xludf.DUMMYFUNCTION("""COMPUTED_VALUE"""),"Mat 3") -> Mat 3 | G56: =IFERROR(__xludf.DUMMYFUNCTION("""COMPUTED_VALUE"""),"MS") -> MS | H56: =IFERROR(__xludf.DUMMYFUNCTION("""COMPUTED_VALUE"""),"Lycée Français Jacques Prévert de Saly » Maternelle » MS » Générale") -> Lycée Français Jacques Prévert de Saly » Maternelle » MS » Générale | N56: =IFERROR(__xludf.DUMMYFUNCTION("""COMPUTED_VALUE"""),"Garçon") -> Garçon | P56: =IFERROR(__xludf.DUMMYFUNCTION("""COMPUTED_VALUE"""),"FRANCE") -> FRANCE | T56: =IFERROR(__xludf.DUMMYFUNCTION("""COMPUTED_VALUE"""),"LANZETTI Lucia Liliana") -> LANZETTI Lucia Liliana | U56: =IFERROR(__xludf.DUMMYFUNCTION("""COMPUTED_VALUE"""),"BIARD Boris") -> BIARD Boris | V56: =IFERROR(__xludf.DUMMYFUNCTION("""COMPUTED_VALUE"""),"lucia.lanzetti0@gmail.com") -> lucia.lanzetti0@gmail.com | W56: =IFERROR(__xludf.DUMMYFUNCTION("""COMPUTED_VALUE"""),"biardboris@outlook.com") -> biardboris@outlook.com | X56: =IFERROR(__xludf.DUMMYFUNCTION("""COMPUTED_VALUE"""),"+221 78 168 31 31") -> +221 78 168 31 31 | Y56: =IFERROR(__xludf.DUMMYFUNCTION("""COMPUTED_VALUE"""),"+221 77 661 97 53") -> +221 77 661 97 53 | Z56: =IFERROR(__xludf.DUMMYFUNCTION("""COMPUTED_VALUE"""),"+221") -> +221 | AA56: =IFERROR(__xludf.DUMMYFUNCTION("""COMPUTED_VALUE"""),"+221") -> +221 | AB56: =IFERROR(__xludf.DUMMYFUNCTION("""COMPUTED_VALUE"""),36031) -> 36031 | AC56: =IFERROR(__xludf.DUMMYFUNCTION("""COMPUTED_VALUE"""),36173) -> 36173 | AD56: =IFERROR(__xludf.DUMMYFUNCTION("""COMPUTED_VALUE"""),"MERE") -> MERE | AE56: =IFERROR(__xludf.DUMMYFUNCTION("""COMPUTED_VALUE"""),"PERE") -> PERE | AF56: =IFERROR(__xludf.DUMMYFUNCTION("""COMPUTED_VALUE"""),"ITALIE") -> ITALIE | AG56: =IFERROR(__xludf.DUMMYFUNCTION("""COMPUTED_VALUE"""),"FRANCE") -> FRANCE | AJ56: =IFERROR(__xludf.DUMMYFUNCTION("""COMPUTED_VALUE"""),"F1170") -> F1170 | AK56: =IFERROR(__xludf.DUMMYFUNCTION("""COMPUTED_VALUE"""),"Célibataire") -> Célibataire | AL56: =IFERROR(__xludf.DUMMYFUNCTION("""COMPUTED_VALUE"""),"CONCUBINAGE") -> CONCUBINAGE | AM56: =IFERROR(__xludf.DUMMYFUNCTION("""COMPUTED_VALUE"""),"F1170") -> F1170
A57: =IFERROR(__xludf.DUMMYFUNCTION("""COMPUTED_VALUE"""),"BIARD Gianni") -> BIARD Gianni | B57: =IFERROR(__xludf.DUMMYFUNCTION("""COMPUTED_VALUE"""),"BIARD") -> BIARD | C57: =IFERROR(__xludf.DUMMYFUNCTION("""COMPUTED_VALUE"""),"Gianni") -> Gianni | D57: =IFERROR(__xludf.DUMMYFUNCTION("""COMPUTED_VALUE"""),"1170E2") -> 1170E2 | E57: =IFERROR(__xludf.DUMMYFUNCTION("""COMPUTED_VALUE"""),43977) -> 43977 | F57: =IFERROR(__xludf.DUMMYFUNCTION("""COMPUTED_VALUE"""),"Mat 2") -> Mat 2 | G57: =IFERROR(__xludf.DUMMYFUNCTION("""COMPUTED_VALUE"""),"GS") -> GS | H57: =IFERROR(__xludf.DUMMYFUNCTION("""COMPUTED_VALUE"""),"Lycée Français Jacques Prévert de Saly » Maternelle » GS » Générale") -> Lycée Français Jacques Prévert de Saly » Maternelle » GS » Générale | N57: =IFERROR(__xludf.DUMMYFUNCTION("""COMPUTED_VALUE"""),"Garçon") -> Garçon | P57: =IFERROR(__xludf.DUMMYFUNCTION("""COMPUTED_VALUE"""),"FRANCE") -> FRANCE | S57: =IFERROR(__xludf.DUMMYFUNCTION("""COMPUTED_VALUE"""),"+221") -> +221 | T57: =IFERROR(__xludf.DUMMYFUNCTION("""COMPUTED_VALUE"""),"LANZETTI Lucia Liliana") -> LANZETTI Lucia Liliana | U57: =IFERROR(__xludf.DUMMYFUNCTION("""COMPUTED_VALUE"""),"BIARD Boris") -> BIARD Boris | V57: =IFERROR(__xludf.DUMMYFUNCTION("""COMPUTED_VALUE"""),"lucia.lanzetti0@gmail.com") -> lucia.lanzetti0@gmail.com | W57: =IFERROR(__xludf.DUMMYFUNCTION("""COMPUTED_VALUE"""),"biardboris@outlook.com") -> biardboris@outlook.com | X57: =IFERROR(__xludf.DUMMYFUNCTION("""COMPUTED_VALUE"""),"+221 78 168 31 31") -> +221 78 168 31 31 | Y57: =IFERROR(__xludf.DUMMYFUNCTION("""COMPUTED_VALUE"""),"+221 77 661 97 53") -> +221 77 661 97 53 | Z57: =IFERROR(__xludf.DUMMYFUNCTION("""COMPUTED_VALUE"""),"+221") -> +221 | AA57: =IFERROR(__xludf.DUMMYFUNCTION("""COMPUTED_VALUE"""),"+221") -> +221 | AB57: =IFERROR(__xludf.DUMMYFUNCTION("""COMPUTED_VALUE"""),36031) -> 36031 | AC57: =IFERROR(__xludf.DUMMYFUNCTION("""COMPUTED_VALUE"""),36173) -> 36173 | AD57: =IFERROR(__xludf.DUMMYFUNCTION("""COMPUTED_VALUE"""),"MERE") -> MERE | AE57: =IFERROR(__xludf.DUMMYFUNCTION("""COMPUTED_VALUE"""),"PERE") -> PERE | AF57: =IFERROR(__xludf.DUMMYFUNCTION("""COMPUTED_VALUE"""),"ITALIE") -> ITALIE | AG57: =IFERROR(__xludf.DUMMYFUNCTION("""COMPUTED_VALUE"""),"FRANCE") -> FRANCE | AJ57: =IFERROR(__xludf.DUMMYFUNCTION("""COMPUTED_VALUE"""),"F1170") -> F1170 | AK57: =IFERROR(__xludf.DUMMYFUNCTION("""COMPUTED_VALUE"""),"Célibataire") -> Célibataire | AL57: =IFERROR(__xludf.DUMMYFUNCTION("""COMPUTED_VALUE"""),"CONCUBINAGE") -> CONCUBINAGE | AM57: =IFERROR(__xludf.DUMMYFUNCTION("""COMPUTED_VALUE"""),"F1170") -> F1170
A58: =IFERROR(__xludf.DUMMYFUNCTION("""COMPUTED_VALUE"""),"BIER Awa Eve") -> BIER Awa Eve | B58: =IFERROR(__xludf.DUMMYFUNCTION("""COMPUTED_VALUE"""),"BIER") -> BIER | C58: =IFERROR(__xludf.DUMMYFUNCTION("""COMPUTED_VALUE"""),"Awa Eve") -> Awa Eve | D58: =IFERROR(__xludf.DUMMYFUNCTION("""COMPUTED_VALUE"""),"1171E1") -> 1171E1 | E58: =IFERROR(__xludf.DUMMYFUNCTION("""COMPUTED_VALUE"""),39962) -> 39962 | F58: =IFERROR(__xludf.DUMMYFUNCTION("""COMPUTED_VALUE"""),"1ERE2") -> 1ERE2 | G58: =IFERROR(__xludf.DUMMYFUNCTION("""COMPUTED_VALUE"""),"1ère") -> 1ère | H58: =IFERROR(__xludf.DUMMYFUNCTION("""COMPUTED_VALUE"""),"Lycée Français Jacques Prévert de Saly » Lycée » 1ère » Générale") -> Lycée Français Jacques Prévert de Saly » Lycée » 1ère » Générale | I58: =IFERROR(__xludf.DUMMYFUNCTION("""COMPUTED_VALUE"""),"LVA Anglais") -> LVA Anglais | J58: =IFERROR(__xludf.DUMMYFUNCTION("""COMPUTED_VALUE"""),"LVB Espagnol") -> LVB Espagnol | M58: =IFERROR(__xludf.DUMMYFUNCTION("""COMPUTED_VALUE"""),"SPE LLCE AMC, SPE MATHS, SPE SES") -> SPE LLCE AMC, SPE MATHS, SPE SES | N58: =IFERROR(__xludf.DUMMYFUNCTION("""COMPUTED_VALUE"""),"Fille") -> Fille | P58: =IFERROR(__xludf.DUMMYFUNCTION("""COMPUTED_VALUE"""),"FRANCE") -> FRANCE | R58: =IFERROR(__xludf.DUMMYFUNCTION("""COMPUTED_VALUE"""),"awa.bier@lfjpsaly.org") -> awa.bier@lfjpsaly.org | S58: =IFERROR(__xludf.DUMMYFUNCTION("""COMPUTED_VALUE"""),"+221") -> +221 | T58: =IFERROR(__xludf.DUMMYFUNCTION("""COMPUTED_VALUE"""),"BIER Coumba") -> BIER Coumba | U58: =IFERROR(__xludf.DUMMYFUNCTION("""COMPUTED_VALUE"""),"BIER André") -> BIER André | V58: =IFERROR(__xludf.DUMMYFUNCTION("""COMPUTED_VALUE"""),"coumba1971@gmail.com") -> coumba1971@gmail.com | W58: =IFERROR(__xludf.DUMMYFUNCTION("""COMPUTED_VALUE"""),"coumba1971@gmail.com") -> coumba1971@gmail.com | X58: =IFERROR(__xludf.DUMMYFUNCTION("""COMPUTED_VALUE"""),"+221 77 548 81 38") -> +221 77 548 81 38 | Y58: =IFERROR(__xludf.DUMMYFUNCTION("""COMPUTED_VALUE"""),"+221 77 652 01 41") -> +221 77 652 01 41 | AB58: =IFERROR(__xludf.DUMMYFUNCTION("""COMPUTED_VALUE"""),26150) -> 26150 | AC58: =IFERROR(__xludf.DUMMYFUNCTION("""COMPUTED_VALUE"""),18445) -> 18445 | AD58: =IFERROR(__xludf.DUMMYFUNCTION("""COMPUTED_VALUE"""),"MERE") -> MERE | AE58: =IFERROR(__xludf.DUMMYFUNCTION("""COMPUTED_VALUE"""),"PERE") -> PERE | AF58: =IFERROR(__xludf.DUMMYFUNCTION("""COMPUTED_VALUE"""),"SENEGAL") -> SENEGAL | AG58: =IFERROR(__xludf.DUMMYFUNCTION("""COMPUTED_VALUE"""),"FRANCE") -> FRANCE | AJ58: =IFERROR(__xludf.DUMMYFUNCTION("""COMPUTED_VALUE"""),"F1171") -> F1171 | AK58: =IFERROR(__xludf.DUMMYFUNCTION("""COMPUTED_VALUE"""),"Marié(e)") -> Marié(e) | AL58: =IFERROR(__xludf.DUMMYFUNCTION("""COMPUTED_VALUE"""),"Marié(e)") -> Marié(e) | AM58: =IFERROR(__xludf.DUMMYFUNCTION("""COMPUTED_VALUE"""),"F1171") -> F1171
A59: =IFERROR(__xludf.DUMMYFUNCTION("""COMPUTED_VALUE"""),"BIHOREAU Emma Thérèse") -> BIHOREAU Emma Thérèse | B59: =IFERROR(__xludf.DUMMYFUNCTION("""COMPUTED_VALUE"""),"BIHOREAU") -> BIHOREAU | C59: =IFERROR(__xludf.DUMMYFUNCTION("""COMPUTED_VALUE"""),"Emma Thérèse") -> Emma Thérèse | D59: =IFERROR(__xludf.DUMMYFUNCTION("""COMPUTED_VALUE"""),"1172E1") -> 1172E1 | E59: =IFERROR(__xludf.DUMMYFUNCTION("""COMPUTED_VALUE"""),40285) -> 40285 | F59: =IFERROR(__xludf.DUMMYFUNCTION("""COMPUTED_VALUE"""),"2NDE1 COOP") -> 2NDE1 COOP | G59: =IFERROR(__xludf.DUMMYFUNCTION("""COMPUTED_VALUE"""),"2nde") -> 2nde | H59: =IFERROR(__xludf.DUMMYFUNCTION("""COMPUTED_VALUE"""),"Lycée Français Jacques Prévert de Saly » Lycée » 2nde » Générale") -> Lycée Français Jacques Prévert de Saly » Lycée » 2nde » Générale | I59: =IFERROR(__xludf.DUMMYFUNCTION("""COMPUTED_VALUE"""),"LVA Anglais") -> LVA Anglais | J59: =IFERROR(__xludf.DUMMYFUNCTION("""COMPUTED_VALUE"""),"LVB Espagnol") -> LVB Espagnol | N59: =IFERROR(__xludf.DUMMYFUNCTION("""COMPUTED_VALUE"""),"Fille") -> Fille | P59: =IFERROR(__xludf.DUMMYFUNCTION("""COMPUTED_VALUE"""),"FRANCE") -> FRANCE | Q59: =IFERROR(__xludf.DUMMYFUNCTION("""COMPUTED_VALUE"""),"SENEGAL") -> SENEGAL | R59: =IFERROR(__xludf.DUMMYFUNCTION("""COMPUTED_VALUE"""),"emma.bihoreau@lfjpsaly.org") -> emma.bihoreau@lfjpsaly.org | T59: =IFERROR(__xludf.DUMMYFUNCTION("""COMPUTED_VALUE"""),"BIHOREAU Béatrice") -> BIHOREAU Béatrice | U59: =IFERROR(__xludf.DUMMYFUNCTION("""COMPUTED_VALUE"""),"BIHOREAU Etienne") -> BIHOREAU Etienne | V59: =IFERROR(__xludf.DUMMYFUNCTION("""COMPUTED_VALUE"""),"beabeaute82@gmail.com") -> beabeaute82@gmail.com | W59: =IFERROR(__xludf.DUMMYFUNCTION("""COMPUTED_VALUE"""),"bihoreau.etienne@gmail.com") -> bihoreau.etienne@gmail.com | X59: =IFERROR(__xludf.DUMMYFUNCTION("""COMPUTED_VALUE"""),"+221 77 541 60 53") -> +221 77 541 60 53 | Y59: =IFERROR(__xludf.DUMMYFUNCTION("""COMPUTED_VALUE"""),"+221 77 300 57 50") -> +221 77 300 57 50 | Z59: =IFERROR(__xludf.DUMMYFUNCTION("""COMPUTED_VALUE"""),"+221") -> +221 | AB59: =IFERROR(__xludf.DUMMYFUNCTION("""COMPUTED_VALUE"""),48364) -> 48364 | AC59: =IFERROR(__xludf.DUMMYFUNCTION("""COMPUTED_VALUE"""),2743018) -> 2743018 | AD59: =IFERROR(__xludf.DUMMYFUNCTION("""COMPUTED_VALUE"""),"MERE") -> MERE | AE59: =IFERROR(__xludf.DUMMYFUNCTION("""COMPUTED_VALUE"""),"PERE") -> PERE | AF59: =IFERROR(__xludf.DUMMYFUNCTION("""COMPUTED_VALUE"""),"SENEGAL") -> SENEGAL | AG59: =IFERROR(__xludf.DUMMYFUNCTION("""COMPUTED_VALUE"""),"FRANCE") -> FRANCE | AJ59: =IFERROR(__xludf.DUMMYFUNCTION("""COMPUTED_VALUE"""),"F1172") -> F1172 | AK59: =IFERROR(__xludf.DUMMYFUNCTION("""COMPUTED_VALUE"""),"Marié(e)") -> Marié(e) | AL59: =IFERROR(__xludf.DUMMYFUNCTION("""COMPUTED_VALUE"""),"Marié(e)") -> Marié(e) | AM59: =IFERROR(__xludf.DUMMYFUNCTION("""COMPUTED_VALUE"""),"F1172") -> F1172
A60: =IFERROR(__xludf.DUMMYFUNCTION("""COMPUTED_VALUE"""),"BLONDEAU DIANDY Elana") -> BLONDEAU DIANDY Elana | B60: =IFERROR(__xludf.DUMMYFUNCTION("""COMPUTED_VALUE"""),"BLONDEAU DIANDY") -> BLONDEAU DIANDY | C60: =IFERROR(__xludf.DUMMYFUNCTION("""COMPUTED_VALUE"""),"Elana") -> Elana | D60: =IFERROR(__xludf.DUMMYFUNCTION("""COMPUTED_VALUE"""),"1174E1") -> 1174E1 | E60: =IFERROR(__xludf.DUMMYFUNCTION("""COMPUTED_VALUE"""),44855) -> 44855 | F60: =IFERROR(__xludf.DUMMYFUNCTION("""COMPUTED_VALUE"""),"Mat 1") -> Mat 1 | G60: =IFERROR(__xludf.DUMMYFUNCTION("""COMPUTED_VALUE"""),"PS") -> PS | H60: =IFERROR(__xludf.DUMMYFUNCTION("""COMPUTED_VALUE"""),"Lycée Français Jacques Prévert de Saly » Maternelle » PS » Générale") -> Lycée Français Jacques Prévert de Saly » Maternelle » PS » Générale | N60: =IFERROR(__xludf.DUMMYFUNCTION("""COMPUTED_VALUE"""),"Fille") -> Fille | P60: =IFERROR(__xludf.DUMMYFUNCTION("""COMPUTED_VALUE"""),"FRANCE") -> FRANCE | Q60: =IFERROR(__xludf.DUMMYFUNCTION("""COMPUTED_VALUE"""),"SENEGAL") -> SENEGAL | T60: =IFERROR(__xludf.DUMMYFUNCTION("""COMPUTED_VALUE"""),"BLONDEAU Chloe") -> BLONDEAU Chloe | V60: =IFERROR(__xludf.DUMMYFUNCTION("""COMPUTED_VALUE"""),"chloeblondeau87@gmail.com") -> chloeblondeau87@gmail.com | X60: =IFERROR(__xludf.DUMMYFUNCTION("""COMPUTED_VALUE"""),"+221 78 456 15 32") -> +221 78 456 15 32 | Z60: =IFERROR(__xludf.DUMMYFUNCTION("""COMPUTED_VALUE"""),"+221") -> +221 | AB60: =IFERROR(__xludf.DUMMYFUNCTION("""COMPUTED_VALUE"""),31857) -> 31857 | AD60: =IFERROR(__xludf.DUMMYFUNCTION("""COMPUTED_VALUE"""),"MERE") -> MERE | AF60: =IFERROR(__xludf.DUMMYFUNCTION("""COMPUTED_VALUE"""),"FRANCE") -> FRANCE | AJ60: =IFERROR(__xludf.DUMMYFUNCTION("""COMPUTED_VALUE"""),"F1174") -> F1174 | AK60: =IFERROR(__xludf.DUMMYFUNCTION("""COMPUTED_VALUE"""),"Célibataire") -> Célibataire | AM60: =IFERROR(__xludf.DUMMYFUNCTION("""COMPUTED_VALUE"""),"F1174") -> F1174
A61: =IFERROR(__xludf.DUMMYFUNCTION("""COMPUTED_VALUE"""),"BODELOT Julien Achille") -> BODELOT Julien Achille | B61: =IFERROR(__xludf.DUMMYFUNCTION("""COMPUTED_VALUE"""),"BODELOT") -> BODELOT | C61: =IFERROR(__xludf.DUMMYFUNCTION("""COMPUTED_VALUE"""),"Julien Achille") -> Julien Achille | D61: =IFERROR(__xludf.DUMMYFUNCTION("""COMPUTED_VALUE"""),"1639E1") -> 1639E1 | E61: =IFERROR(__xludf.DUMMYFUNCTION("""COMPUTED_VALUE"""),40581) -> 40581 | F61: =IFERROR(__xludf.DUMMYFUNCTION("""COMPUTED_VALUE"""),"3EME2") -> 3EME2 | G61: =IFERROR(__xludf.DUMMYFUNCTION("""COMPUTED_VALUE"""),"3ème") -> 3ème | H61: =IFERROR(__xludf.DUMMYFUNCTION("""COMPUTED_VALUE"""),"Lycée Français Jacques Prévert de Saly » Collège » 3ème » Générale") -> Lycée Français Jacques Prévert de Saly » Collège » 3ème » Générale | I61: =IFERROR(__xludf.DUMMYFUNCTION("""COMPUTED_VALUE"""),"LVA Anglais") -> LVA Anglais | J61: =IFERROR(__xludf.DUMMYFUNCTION("""COMPUTED_VALUE"""),"LVB Espagnol") -> LVB Espagnol | N61: =IFERROR(__xludf.DUMMYFUNCTION("""COMPUTED_VALUE"""),"Garçon") -> Garçon | P61: =IFERROR(__xludf.DUMMYFUNCTION("""COMPUTED_VALUE"""),"FRANCE") -> FRANCE | Q61: =IFERROR(__xludf.DUMMYFUNCTION("""COMPUTED_VALUE"""),"SENEGAL") -> SENEGAL | R61: =IFERROR(__xludf.DUMMYFUNCTION("""COMPUTED_VALUE"""),"julien.bodelot@lfjpsaly.org") -> julien.bodelot@lfjpsaly.org | S61: =IFERROR(__xludf.DUMMYFUNCTION("""COMPUTED_VALUE"""),"+221 78 661 25 04") -> +221 78 661 25 04 | T61: =IFERROR(__xludf.DUMMYFUNCTION("""COMPUTED_VALUE"""),"BODELOT Christophe") -> BODELOT Christophe | U61: =IFERROR(__xludf.DUMMYFUNCTION("""COMPUTED_VALUE"""),"BODELOT Zeinab") -> BODELOT Zeinab | V61: =IFERROR(__xludf.DUMMYFUNCTION("""COMPUTED_VALUE"""),"cbodelot@orange.fr") -> cbodelot@orange.fr | W61: =IFERROR(__xludf.DUMMYFUNCTION("""COMPUTED_VALUE"""),"cbodelot@orange.fr") -> cbodelot@orange.fr | X61: =IFERROR(__xludf.DUMMYFUNCTION("""COMPUTED_VALUE"""),"+221 78 910 04 40") -> +221 78 910 04 40 | Y61: =IFERROR(__xludf.DUMMYFUNCTION("""COMPUTED_VALUE"""),"+221 77 742 17 78") -> +221 77 742 17 78 | Z61: =IFERROR(__xludf.DUMMYFUNCTION("""COMPUTED_VALUE"""),"+33 6 63 27 21 78") -> +33 6 63 27 21 78 | AA61: =IFERROR(__xludf.DUMMYFUNCTION("""COMPUTED_VALUE"""),"+221 77 742 17 78") -> +221 77 742 17 78 | AB61: =IFERROR(__xludf.DUMMYFUNCTION("""COMPUTED_VALUE"""),23412) -> 23412 | AC61: =IFERROR(__xludf.DUMMYFUNCTION("""COMPUTED_VALUE"""),29538) -> 29538 | AD61: =IFERROR(__xludf.DUMMYFUNCTION("""COMPUTED_VALUE"""),"PERE") -> PERE | AE61: =IFERROR(__xludf.DUMMYFUNCTION("""COMPUTED_VALUE"""),"MERE") -> MERE | AF61: =IFERROR(__xludf.DUMMYFUNCTION("""COMPUTED_VALUE"""),"FRANCE") -> FRANCE | AG61: =IFERROR(__xludf.DUMMYFUNCTION("""COMPUTED_VALUE"""),"FRANCE") -> FRANCE | AI61: =IFERROR(__xludf.DUMMYFUNCTION("""COMPUTED_VALUE"""),"SENEGAL") -> SENEGAL | AJ61: =IFERROR(__xludf.DUMMYFUNCTION("""COMPUTED_VALUE"""),"F1639") -> F1639 | AK61: =IFERROR(__xludf.DUMMYFUNCTION("""COMPUTED_VALUE"""),"Marié(e)") -> Marié(e) | AL61: =IFERROR(__xludf.DUMMYFUNCTION("""COMPUTED_VALUE"""),"Marié(e)") -> Marié(e) | AM61: =IFERROR(__xludf.DUMMYFUNCTION("""COMPUTED_VALUE"""),"F1639") -> F1639
A62: =IFERROR(__xludf.DUMMYFUNCTION("""COMPUTED_VALUE"""),"BONNAIN Kaiys") -> BONNAIN Kaiys | B62: =IFERROR(__xludf.DUMMYFUNCTION("""COMPUTED_VALUE"""),"BONNAIN") -> BONNAIN | C62: =IFERROR(__xludf.DUMMYFUNCTION("""COMPUTED_VALUE"""),"Kaiys") -> Kaiys | D62: =IFERROR(__xludf.DUMMYFUNCTION("""COMPUTED_VALUE"""),"12143S3268") -> 12143S3268 | E62: =IFERROR(__xludf.DUMMYFUNCTION("""COMPUTED_VALUE"""),43598) -> 43598 | F62: =IFERROR(__xludf.DUMMYFUNCTION("""COMPUTED_VALUE"""),"CP") -> CP | G62: =IFERROR(__xludf.DUMMYFUNCTION("""COMPUTED_VALUE"""),"CP") -> CP | H62: =IFERROR(__xludf.DUMMYFUNCTION("""COMPUTED_VALUE"""),"Lycée Français Jacques Prévert de Saly » Elémentaire » CP » Générale") -> Lycée Français Jacques Prévert de Saly » Elémentaire » CP » Générale | N62: =IFERROR(__xludf.DUMMYFUNCTION("""COMPUTED_VALUE"""),"Garçon") -> Garçon | P62: =IFERROR(__xludf.DUMMYFUNCTION("""COMPUTED_VALUE"""),"FRANCE") -> FRANCE | S62: =IFERROR(__xludf.DUMMYFUNCTION("""COMPUTED_VALUE"""),"+221") -> +221 | T62: =IFERROR(__xludf.DUMMYFUNCTION("""COMPUTED_VALUE"""),"THERON Melissa") -> THERON Melissa | U62: =IFERROR(__xludf.DUMMYFUNCTION("""COMPUTED_VALUE"""),"BONNAIN Lucas") -> BONNAIN Lucas | V62: =IFERROR(__xludf.DUMMYFUNCTION("""COMPUTED_VALUE"""),"melissa.theron@hotmail.com") -> melissa.theron@hotmail.com | W62: =IFERROR(__xludf.DUMMYFUNCTION("""COMPUTED_VALUE"""),"lucas.bonnain@gmail.com") -> lucas.bonnain@gmail.com | X62: =IFERROR(__xludf.DUMMYFUNCTION("""COMPUTED_VALUE"""),"+221 77 284 98 94") -> +221 77 284 98 94 | Y62: =IFERROR(__xludf.DUMMYFUNCTION("""COMPUTED_VALUE"""),"+221 77 449 80 66") -> +221 77 449 80 66 | Z62: =IFERROR(__xludf.DUMMYFUNCTION("""COMPUTED_VALUE"""),"+221 77 284 98 94") -> +221 77 284 98 94 | AA62: =IFERROR(__xludf.DUMMYFUNCTION("""COMPUTED_VALUE"""),"+221") -> +221 | AB62: =IFERROR(__xludf.DUMMYFUNCTION("""COMPUTED_VALUE"""),36035) -> 36035 | AC62: =IFERROR(__xludf.DUMMYFUNCTION("""COMPUTED_VALUE"""),35219) -> 35219 | AD62: =IFERROR(__xludf.DUMMYFUNCTION("""COMPUTED_VALUE"""),"MERE") -> MERE | AE62: =IFERROR(__xludf.DUMMYFUNCTION("""COMPUTED_VALUE"""),"PERE") -> PERE | AF62: =IFERROR(__xludf.DUMMYFUNCTION("""COMPUTED_VALUE"""),"FRANCE") -> FRANCE | AG62: =IFERROR(__xludf.DUMMYFUNCTION("""COMPUTED_VALUE"""),"FRANCE") -> FRANCE | AJ62: =IFERROR(__xludf.DUMMYFUNCTION("""COMPUTED_VALUE"""),"U12143") -> U12143 | AK62: =IFERROR(__xludf.DUMMYFUNCTION("""COMPUTED_VALUE"""),"CONCUBINAGE") -> CONCUBINAGE | AL62: =IFERROR(__xludf.DUMMYFUNCTION("""COMPUTED_VALUE"""),"CONCUBINAGE") -> CONCUBINAGE | AM62: =IFERROR(__xludf.DUMMYFUNCTION("""COMPUTED_VALUE"""),"U12143") -> U12143
A63: =IFERROR(__xludf.DUMMYFUNCTION("""COMPUTED_VALUE"""),"BONNAIN Mélia") -> BONNAIN Mélia | B63: =IFERROR(__xludf.DUMMYFUNCTION("""COMPUTED_VALUE"""),"BONNAIN") -> BONNAIN | C63: =IFERROR(__xludf.DUMMYFUNCTION("""COMPUTED_VALUE"""),"Mélia") -> Mélia | D63: =IFERROR(__xludf.DUMMYFUNCTION("""COMPUTED_VALUE"""),"12143S3269") -> 12143S3269 | E63: =IFERROR(__xludf.DUMMYFUNCTION("""COMPUTED_VALUE"""),44755) -> 44755 | F63: =IFERROR(__xludf.DUMMYFUNCTION("""COMPUTED_VALUE"""),"Mat 1") -> Mat 1 | G63: =IFERROR(__xludf.DUMMYFUNCTION("""COMPUTED_VALUE"""),"PS") -> PS | H63: =IFERROR(__xludf.DUMMYFUNCTION("""COMPUTED_VALUE"""),"Lycée Français Jacques Prévert de Saly » Maternelle » PS » Générale") -> Lycée Français Jacques Prévert de Saly » Maternelle » PS » Générale | N63: =IFERROR(__xludf.DUMMYFUNCTION("""COMPUTED_VALUE"""),"Fille") -> Fille | P63: =IFERROR(__xludf.DUMMYFUNCTION("""COMPUTED_VALUE"""),"FRANCE") -> FRANCE | S63: =IFERROR(__xludf.DUMMYFUNCTION("""COMPUTED_VALUE"""),"+221") -> +221 | T63: =IFERROR(__xludf.DUMMYFUNCTION("""COMPUTED_VALUE"""),"THERON Melissa") -> THERON Melissa | U63: =IFERROR(__xludf.DUMMYFUNCTION("""COMPUTED_VALUE"""),"BONNAIN Lucas") -> BONNAIN Lucas | V63: =IFERROR(__xludf.DUMMYFUNCTION("""COMPUTED_VALUE"""),"melissa.theron@hotmail.com") -> melissa.theron@hotmail.com | W63: =IFERROR(__xludf.DUMMYFUNCTION("""COMPUTED_VALUE"""),"lucas.bonnain@gmail.com") -> lucas.bonnain@gmail.com | X63: =IFERROR(__xludf.DUMMYFUNCTION("""COMPUTED_VALUE"""),"+221 77 284 98 94") -> +221 77 284 98 94 | Y63: =IFERROR(__xludf.DUMMYFUNCTION("""COMPUTED_VALUE"""),"+221 77 449 80 66") -> +221 77 449 80 66 | Z63: =IFERROR(__xludf.DUMMYFUNCTION("""COMPUTED_VALUE"""),"+221 77 284 98 94") -> +221 77 284 98 94 | AA63: =IFERROR(__xludf.DUMMYFUNCTION("""COMPUTED_VALUE"""),"+221") -> +221 | AB63: =IFERROR(__xludf.DUMMYFUNCTION("""COMPUTED_VALUE"""),36035) -> 36035 | AC63: =IFERROR(__xludf.DUMMYFUNCTION("""COMPUTED_VALUE"""),35219) -> 35219 | AD63: =IFERROR(__xludf.DUMMYFUNCTION("""COMPUTED_VALUE"""),"MERE") -> MERE | AE63: =IFERROR(__xludf.DUMMYFUNCTION("""COMPUTED_VALUE"""),"PERE") -> PERE | AF63: =IFERROR(__xludf.DUMMYFUNCTION("""COMPUTED_VALUE"""),"FRANCE") -> FRANCE | AG63: =IFERROR(__xludf.DUMMYFUNCTION("""COMPUTED_VALUE"""),"FRANCE") -> FRANCE | AJ63: =IFERROR(__xludf.DUMMYFUNCTION("""COMPUTED_VALUE"""),"U12143") -> U12143 | AK63: =IFERROR(__xludf.DUMMYFUNCTION("""COMPUTED_VALUE"""),"CONCUBINAGE") -> CONCUBINAGE | AL63: =IFERROR(__xludf.DUMMYFUNCTION("""COMPUTED_VALUE"""),"CONCUBINAGE") -> CONCUBINAGE | AM63: =IFERROR(__xludf.DUMMYFUNCTION("""COMPUTED_VALUE"""),"U12143") -> U12143
A64: =IFERROR(__xludf.DUMMYFUNCTION("""COMPUTED_VALUE"""),"BONNIN Georges Alpha") -> BONNIN Georges Alpha | B64: =IFERROR(__xludf.DUMMYFUNCTION("""COMPUTED_VALUE"""),"BONNIN") -> BONNIN | C64: =IFERROR(__xludf.DUMMYFUNCTION("""COMPUTED_VALUE"""),"Georges Alpha") -> Georges Alpha | D64: =IFERROR(__xludf.DUMMYFUNCTION("""COMPUTED_VALUE"""),"1176E1") -> 1176E1 | E64: =IFERROR(__xludf.DUMMYFUNCTION("""COMPUTED_VALUE"""),41001) -> 41001 | F64: =IFERROR(__xludf.DUMMYFUNCTION("""COMPUTED_VALUE"""),"4EME1") -> 4EME1 | G64: =IFERROR(__xludf.DUMMYFUNCTION("""COMPUTED_VALUE"""),"4ème") -> 4ème | H64: =IFERROR(__xludf.DUMMYFUNCTION("""COMPUTED_VALUE"""),"Lycée Français Jacques Prévert de Saly » Collège » 4ème » Générale") -> Lycée Français Jacques Prévert de Saly » Collège » 4ème » Générale | I64: =IFERROR(__xludf.DUMMYFUNCTION("""COMPUTED_VALUE"""),"LVA Anglais") -> LVA Anglais | J64: =IFERROR(__xludf.DUMMYFUNCTION("""COMPUTED_VALUE"""),"LVB Espagnol") -> LVB Espagnol | N64: =IFERROR(__xludf.DUMMYFUNCTION("""COMPUTED_VALUE"""),"Garçon") -> Garçon | P64: =IFERROR(__xludf.DUMMYFUNCTION("""COMPUTED_VALUE"""),"FRANCE") -> FRANCE | R64: =IFERROR(__xludf.DUMMYFUNCTION("""COMPUTED_VALUE"""),"georges.bonnin@lfjpsaly.org") -> georges.bonnin@lfjpsaly.org | S64: =IFERROR(__xludf.DUMMYFUNCTION("""COMPUTED_VALUE"""),"+221 78 144 54 91") -> +221 78 144 54 91 | T64: =IFERROR(__xludf.DUMMYFUNCTION("""COMPUTED_VALUE"""),"BONNIN Kadiatou") -> BONNIN Kadiatou | U64: =IFERROR(__xludf.DUMMYFUNCTION("""COMPUTED_VALUE"""),"BONNIN Dominique") -> BONNIN Dominique | V64: =IFERROR(__xludf.DUMMYFUNCTION("""COMPUTED_VALUE"""),"kadiatoubonnin74@gmail.com") -> kadiatoubonnin74@gmail.com | W64: =IFERROR(__xludf.DUMMYFUNCTION("""COMPUTED_VALUE"""),"d_bonnin@yahoo.fr") -> d_bonnin@yahoo.fr | X64: =IFERROR(__xludf.DUMMYFUNCTION("""COMPUTED_VALUE"""),"+221 78 144 54 91") -> +221 78 144 54 91 | Y64: =IFERROR(__xludf.DUMMYFUNCTION("""COMPUTED_VALUE"""),"+221 78 144 54 91") -> +221 78 144 54 91 | Z64: =IFERROR(__xludf.DUMMYFUNCTION("""COMPUTED_VALUE"""),"+221") -> +221 | AA64: =IFERROR(__xludf.DUMMYFUNCTION("""COMPUTED_VALUE"""),"+221") -> +221 | AB64: =IFERROR(__xludf.DUMMYFUNCTION("""COMPUTED_VALUE"""),27332) -> 27332 | AC64: =IFERROR(__xludf.DUMMYFUNCTION("""COMPUTED_VALUE"""),22452) -> 22452 | AD64: =IFERROR(__xludf.DUMMYFUNCTION("""COMPUTED_VALUE"""),"MERE") -> MERE | AE64: =IFERROR(__xludf.DUMMYFUNCTION("""COMPUTED_VALUE"""),"PERE") -> PERE | AF64: =IFERROR(__xludf.DUMMYFUNCTION("""COMPUTED_VALUE"""),"FRANCE") -> FRANCE | AG64: =IFERROR(__xludf.DUMMYFUNCTION("""COMPUTED_VALUE"""),"FRANCE") -> FRANCE | AH64: =IFERROR(__xludf.DUMMYFUNCTION("""COMPUTED_VALUE"""),"GUINEE") -> GUINEE | AJ64: =IFERROR(__xludf.DUMMYFUNCTION("""COMPUTED_VALUE"""),"F1176") -> F1176 | AK64: =IFERROR(__xludf.DUMMYFUNCTION("""COMPUTED_VALUE"""),"Marié(e)") -> Marié(e) | AL64: =IFERROR(__xludf.DUMMYFUNCTION("""COMPUTED_VALUE"""),"Marié(e)") -> Marié(e) | AM64: =IFERROR(__xludf.DUMMYFUNCTION("""COMPUTED_VALUE"""),"F1176") -> F1176
A65: =IFERROR(__xludf.DUMMYFUNCTION("""COMPUTED_VALUE"""),"BOUILLON STOJANOV Anastasia") -> BOUILLON STOJANOV Anastasia | B65: =IFERROR(__xludf.DUMMYFUNCTION("""COMPUTED_VALUE"""),"BOUILLON STOJANOV") -> BOUILLON STOJANOV | C65: =IFERROR(__xludf.DUMMYFUNCTION("""COMPUTED_VALUE"""),"Anastasia") -> Anastasia | D65: =IFERROR(__xludf.DUMMYFUNCTION("""COMPUTED_VALUE"""),"1640E1") -> 1640E1 | E65: =IFERROR(__xludf.DUMMYFUNCTION("""COMPUTED_VALUE"""),41841) -> 41841 | F65: =IFERROR(__xludf.DUMMYFUNCTION("""COMPUTED_VALUE"""),"5EME1") -> 5EME1 | G65: =IFERROR(__xludf.DUMMYFUNCTION("""COMPUTED_VALUE"""),"5ème") -> 5ème | H65: =IFERROR(__xludf.DUMMYFUNCTION("""COMPUTED_VALUE"""),"Lycée Français Jacques Prévert de Saly » Collège » 5ème » Générale") -> Lycée Français Jacques Prévert de Saly » Collège » 5ème » Générale | I65: =IFERROR(__xludf.DUMMYFUNCTION("""COMPUTED_VALUE"""),"LVA Anglais") -> LVA Anglais | J65: =IFERROR(__xludf.DUMMYFUNCTION("""COMPUTED_VALUE"""),"LVB Espagnol") -> LVB Espagnol | N65: =IFERROR(__xludf.DUMMYFUNCTION("""COMPUTED_VALUE"""),"Fille") -> Fille | P65: =IFERROR(__xludf.DUMMYFUNCTION("""COMPUTED_VALUE"""),"BELGIQUE") -> BELGIQUE | R65: =IFERROR(__xludf.DUMMYFUNCTION("""COMPUTED_VALUE"""),"anastasia.bouillon@lfjpsaly.org") -> anastasia.bouillon@lfjpsaly.org | T65: =IFERROR(__xludf.DUMMYFUNCTION("""COMPUTED_VALUE"""),"STOJANOV Elena") -> STOJANOV Elena | U65: =IFERROR(__xludf.DUMMYFUNCTION("""COMPUTED_VALUE"""),"BOUILLON Thierry") -> BOUILLON Thierry | V65: =IFERROR(__xludf.DUMMYFUNCTION("""COMPUTED_VALUE"""),"elena.stojanov@hotmail.fr") -> elena.stojanov@hotmail.fr | W65: =IFERROR(__xludf.DUMMYFUNCTION("""COMPUTED_VALUE"""),"thierry.bouillon@hotmail.com") -> thierry.bouillon@hotmail.com | X65: =IFERROR(__xludf.DUMMYFUNCTION("""COMPUTED_VALUE"""),"+221 77 828 16 62") -> +221 77 828 16 62 | Y65: =IFERROR(__xludf.DUMMYFUNCTION("""COMPUTED_VALUE"""),"+221 77 828 16 62") -> +221 77 828 16 62 | Z65: =IFERROR(__xludf.DUMMYFUNCTION("""COMPUTED_VALUE"""),"+221 77 828 16 62") -> +221 77 828 16 62 | AA65: =IFERROR(__xludf.DUMMYFUNCTION("""COMPUTED_VALUE"""),"+221 77 828 16 62") -> +221 77 828 16 62 | AB65: =IFERROR(__xludf.DUMMYFUNCTION("""COMPUTED_VALUE"""),25097) -> 25097 | AC65: =IFERROR(__xludf.DUMMYFUNCTION("""COMPUTED_VALUE"""),24154) -> 24154 | AD65: =IFERROR(__xludf.DUMMYFUNCTION("""COMPUTED_VALUE"""),"MERE") -> MERE | AE65: =IFERROR(__xludf.DUMMYFUNCTION("""COMPUTED_VALUE"""),"PERE") -> PERE | AF65: =IFERROR(__xludf.DUMMYFUNCTION("""COMPUTED_VALUE"""),"BELGIQUE") -> BELGIQUE | AG65: =IFERROR(__xludf.DUMMYFUNCTION("""COMPUTED_VALUE"""),"BELGIQUE") -> BELGIQUE | AJ65: =IFERROR(__xludf.DUMMYFUNCTION("""COMPUTED_VALUE"""),"F1640") -> F1640 | AK65: =IFERROR(__xludf.DUMMYFUNCTION("""COMPUTED_VALUE"""),"Marié(e)") -> Marié(e) | AL65: =IFERROR(__xludf.DUMMYFUNCTION("""COMPUTED_VALUE"""),"Marié(e)") -> Marié(e) | AM65: =IFERROR(__xludf.DUMMYFUNCTION("""COMPUTED_VALUE"""),"F1640") -> F1640
A66: =IFERROR(__xludf.DUMMYFUNCTION("""COMPUTED_VALUE"""),"BOULINGUEZ Marie-Françoise") -> BOULINGUEZ Marie-Françoise | B66: =IFERROR(__xludf.DUMMYFUNCTION("""COMPUTED_VALUE"""),"BOULINGUEZ") -> BOULINGUEZ | C66: =IFERROR(__xludf.DUMMYFUNCTION("""COMPUTED_VALUE"""),"Marie-Françoise") -> Marie-Françoise | D66: =IFERROR(__xludf.DUMMYFUNCTION("""COMPUTED_VALUE"""),"1178E1") -> 1178E1 | E66: =IFERROR(__xludf.DUMMYFUNCTION("""COMPUTED_VALUE"""),43383) -> 43383 | F66: =IFERROR(__xludf.DUMMYFUNCTION("""COMPUTED_VALUE"""),"CE1A") -> CE1A | G66: =IFERROR(__xludf.DUMMYFUNCTION("""COMPUTED_VALUE"""),"CE1") -> CE1 | H66: =IFERROR(__xludf.DUMMYFUNCTION("""COMPUTED_VALUE"""),"Lycée Français Jacques Prévert de Saly » Elémentaire » CE1 » Générale") -> Lycée Français Jacques Prévert de Saly » Elémentaire » CE1 » Générale | N66: =IFERROR(__xludf.DUMMYFUNCTION("""COMPUTED_VALUE"""),"Fille") -> Fille | P66: =IFERROR(__xludf.DUMMYFUNCTION("""COMPUTED_VALUE"""),"FRANCE") -> FRANCE | S66: =IFERROR(__xludf.DUMMYFUNCTION("""COMPUTED_VALUE"""),"+221") -> +221 | T66: =IFERROR(__xludf.DUMMYFUNCTION("""COMPUTED_VALUE"""),"BOULINGUEZ Francois") -> BOULINGUEZ Francois | U66: =IFERROR(__xludf.DUMMYFUNCTION("""COMPUTED_VALUE"""),"BOULINGUEZ Marie Christine") -> BOULINGUEZ Marie Christine | V66: =IFERROR(__xludf.DUMMYFUNCTION("""COMPUTED_VALUE"""),"fb.md.france@gmail.com") -> fb.md.france@gmail.com | W66: =IFERROR(__xludf.DUMMYFUNCTION("""COMPUTED_VALUE"""),"sarrchristelle5@gmail.com") -> sarrchristelle5@gmail.com | X66: =IFERROR(__xludf.DUMMYFUNCTION("""COMPUTED_VALUE"""),"+221 77 626 35 83") -> +221 77 626 35 83 | Y66: =IFERROR(__xludf.DUMMYFUNCTION("""COMPUTED_VALUE"""),"77 486 82 30") -> 77 486 82 30 | Z66: =IFERROR(__xludf.DUMMYFUNCTION("""COMPUTED_VALUE"""),"+221") -> +221 | AB66: =IFERROR(__xludf.DUMMYFUNCTION("""COMPUTED_VALUE"""),17724) -> 17724 | AC66: =IFERROR(__xludf.DUMMYFUNCTION("""COMPUTED_VALUE"""),34329) -> 34329 | AD66: =IFERROR(__xludf.DUMMYFUNCTION("""COMPUTED_VALUE"""),"PERE") -> PERE | AE66: =IFERROR(__xludf.DUMMYFUNCTION("""COMPUTED_VALUE"""),"MERE") -> MERE | AF66: =IFERROR(__xludf.DUMMYFUNCTION("""COMPUTED_VALUE"""),"FRANCE") -> FRANCE | AG66: =IFERROR(__xludf.DUMMYFUNCTION("""COMPUTED_VALUE"""),"SENEGAL") -> SENEGAL | AJ66: =IFERROR(__xludf.DUMMYFUNCTION("""COMPUTED_VALUE"""),"F1178") -> F1178 | AK66: =IFERROR(__xludf.DUMMYFUNCTION("""COMPUTED_VALUE"""),"Marié(e)") -> Marié(e) | AL66: =IFERROR(__xludf.DUMMYFUNCTION("""COMPUTED_VALUE"""),"Marié(e)") -> Marié(e) | AM66: =IFERROR(__xludf.DUMMYFUNCTION("""COMPUTED_VALUE"""),"F1178") -> F1178
A67: =IFERROR(__xludf.DUMMYFUNCTION("""COMPUTED_VALUE"""),"BOUSSO Coumba") -> BOUSSO Coumba | B67: =IFERROR(__xludf.DUMMYFUNCTION("""COMPUTED_VALUE"""),"BOUSSO") -> BOUSSO | C67: =IFERROR(__xludf.DUMMYFUNCTION("""COMPUTED_VALUE"""),"Coumba") -> Coumba | D67: =IFERROR(__xludf.DUMMYFUNCTION("""COMPUTED_VALUE"""),"11652S2245") -> 11652S2245 | E67: =IFERROR(__xludf.DUMMYFUNCTION("""COMPUTED_VALUE"""),40416) -> 40416 | F67: =IFERROR(__xludf.DUMMYFUNCTION("""COMPUTED_VALUE"""),"1ERE1") -> 1ERE1 | G67: =IFERROR(__xludf.DUMMYFUNCTION("""COMPUTED_VALUE"""),"1ère") -> 1ère | H67: =IFERROR(__xludf.DUMMYFUNCTION("""COMPUTED_VALUE"""),"Lycée Français Jacques Prévert de Saly » Lycée » 1ère » Générale") -> Lycée Français Jacques Prévert de Saly » Lycée » 1ère » Générale | I67: =IFERROR(__xludf.DUMMYFUNCTION("""COMPUTED_VALUE"""),"LVA Anglais") -> LVA Anglais | J67: =IFERROR(__xludf.DUMMYFUNCTION("""COMPUTED_VALUE"""),"LVB Espagnol") -> LVB Espagnol | M67: =IFERROR(__xludf.DUMMYFUNCTION("""COMPUTED_VALUE"""),"SPE HGGSP, SPE MATHS, SPE SES") -> SPE HGGSP, SPE MATHS, SPE SES | N67: =IFERROR(__xludf.DUMMYFUNCTION("""COMPUTED_VALUE"""),"Fille") -> Fille | P67: =IFERROR(__xludf.DUMMYFUNCTION("""COMPUTED_VALUE"""),"FRANCE") -> FRANCE | Q67: =IFERROR(__xludf.DUMMYFUNCTION("""COMPUTED_VALUE"""),"SENEGAL") -> SENEGAL | R67: =IFERROR(__xludf.DUMMYFUNCTION("""COMPUTED_VALUE"""),"coumba.bousso@lfjpsaly.org") -> coumba.bousso@lfjpsaly.org | S67: =IFERROR(__xludf.DUMMYFUNCTION("""COMPUTED_VALUE"""),"+221+221 78 751 83 73") -> +221+221 78 751 83 73 | T67: =IFERROR(__xludf.DUMMYFUNCTION("""COMPUTED_VALUE"""),"BOUSSO Sountou") -> BOUSSO Sountou | U67: =IFERROR(__xludf.DUMMYFUNCTION("""COMPUTED_VALUE"""),"BOUSSO Gaëlle") -> BOUSSO Gaëlle | V67: =IFERROR(__xludf.DUMMYFUNCTION("""COMPUTED_VALUE"""),"sountou@icloud.com") -> sountou@icloud.com | W67: =IFERROR(__xludf.DUMMYFUNCTION("""COMPUTED_VALUE"""),"fayegaelle@yahoo.fr") -> fayegaelle@yahoo.fr | X67: =IFERROR(__xludf.DUMMYFUNCTION("""COMPUTED_VALUE"""),"+221 77 149 84 58") -> +221 77 149 84 58 | Y67: =IFERROR(__xludf.DUMMYFUNCTION("""COMPUTED_VALUE"""),"+221 78 751 33 30") -> +221 78 751 33 30 | Z67: =IFERROR(__xludf.DUMMYFUNCTION("""COMPUTED_VALUE"""),"+221 77 149 84 58") -> +221 77 149 84 58 | AA67: =IFERROR(__xludf.DUMMYFUNCTION("""COMPUTED_VALUE"""),"+221 78 751 33 30") -> +221 78 751 33 30 | AB67: =IFERROR(__xludf.DUMMYFUNCTION("""COMPUTED_VALUE"""),29201) -> 29201 | AC67: =IFERROR(__xludf.DUMMYFUNCTION("""COMPUTED_VALUE"""),28378) -> 28378 | AD67: =IFERROR(__xludf.DUMMYFUNCTION("""COMPUTED_VALUE"""),"PERE") -> PERE | AE67: =IFERROR(__xludf.DUMMYFUNCTION("""COMPUTED_VALUE"""),"MERE") -> MERE | AF67: =IFERROR(__xludf.DUMMYFUNCTION("""COMPUTED_VALUE"""),"SENEGAL") -> SENEGAL | AG67: =IFERROR(__xludf.DUMMYFUNCTION("""COMPUTED_VALUE"""),"FRANCE") -> FRANCE | AH67: =IFERROR(__xludf.DUMMYFUNCTION("""COMPUTED_VALUE"""),"FRANCE") -> FRANCE | AI67: =IFERROR(__xludf.DUMMYFUNCTION("""COMPUTED_VALUE"""),"SENEGAL") -> SENEGAL | AJ67: =IFERROR(__xludf.DUMMYFUNCTION("""COMPUTED_VALUE"""),"U11652") -> U11652 | AK67: =IFERROR(__xludf.DUMMYFUNCTION("""COMPUTED_VALUE"""),"Marié(e)") -> Marié(e) | AL67: =IFERROR(__xludf.DUMMYFUNCTION("""COMPUTED_VALUE"""),"Marié(e)") -> Marié(e) | AM67: =IFERROR(__xludf.DUMMYFUNCTION("""COMPUTED_VALUE"""),"U11652") -> U11652
A68: =IFERROR(__xludf.DUMMYFUNCTION("""COMPUTED_VALUE"""),"BOUSSO Diarietou") -> BOUSSO Diarietou | B68: =IFERROR(__xludf.DUMMYFUNCTION("""COMPUTED_VALUE"""),"BOUSSO") -> BOUSSO | C68: =IFERROR(__xludf.DUMMYFUNCTION("""COMPUTED_VALUE"""),"Diarietou") -> Diarietou | D68: =IFERROR(__xludf.DUMMYFUNCTION("""COMPUTED_VALUE"""),"11652S2244") -> 11652S2244 | E68: =IFERROR(__xludf.DUMMYFUNCTION("""COMPUTED_VALUE"""),42706) -> 42706 | F68: =IFERROR(__xludf.DUMMYFUNCTION("""COMPUTED_VALUE"""),"CM1B") -> CM1B | G68: =IFERROR(__xludf.DUMMYFUNCTION("""COMPUTED_VALUE"""),"CM1") -> CM1 | H68: =IFERROR(__xludf.DUMMYFUNCTION("""COMPUTED_VALUE"""),"Lycée Français Jacques Prévert de Saly » Elémentaire » CM1 » Générale") -> Lycée Français Jacques Prévert de Saly » Elémentaire » CM1 » Générale | N68: =IFERROR(__xludf.DUMMYFUNCTION("""COMPUTED_VALUE"""),"Fille") -> Fille | P68: =IFERROR(__xludf.DUMMYFUNCTION("""COMPUTED_VALUE"""),"FRANCE") -> FRANCE | Q68: =IFERROR(__xludf.DUMMYFUNCTION("""COMPUTED_VALUE"""),"SENEGAL") -> SENEGAL | S68: =IFERROR(__xludf.DUMMYFUNCTION("""COMPUTED_VALUE"""),"+221") -> +221 | T68: =IFERROR(__xludf.DUMMYFUNCTION("""COMPUTED_VALUE"""),"BOUSSO Gaëlle") -> BOUSSO Gaëlle | U68: =IFERROR(__xludf.DUMMYFUNCTION("""COMPUTED_VALUE"""),"BOUSSO Sountou") -> BOUSSO Sountou | V68: =IFERROR(__xludf.DUMMYFUNCTION("""COMPUTED_VALUE"""),"fayegaelle@yahoo.fr") -> fayegaelle@yahoo.fr | W68: =IFERROR(__xludf.DUMMYFUNCTION("""COMPUTED_VALUE"""),"sountou@icloud.com") -> sountou@icloud.com | X68: =IFERROR(__xludf.DUMMYFUNCTION("""COMPUTED_VALUE"""),"+221 78 751 33 30") -> +221 78 751 33 30 | Y68: =IFERROR(__xludf.DUMMYFUNCTION("""COMPUTED_VALUE"""),"+221 77 149 84 58") -> +221 77 149 84 58 | Z68: =IFERROR(__xludf.DUMMYFUNCTION("""COMPUTED_VALUE"""),"+221 78 751 33 30") -> +221 78 751 33 30 | AA68: =IFERROR(__xludf.DUMMYFUNCTION("""COMPUTED_VALUE"""),"+221 77 149 84 58") -> +221 77 149 84 58 | AB68: =IFERROR(__xludf.DUMMYFUNCTION("""COMPUTED_VALUE"""),28378) -> 28378 | AC68: =IFERROR(__xludf.DUMMYFUNCTION("""COMPUTED_VALUE"""),29201) -> 29201 | AD68: =IFERROR(__xludf.DUMMYFUNCTION("""COMPUTED_VALUE"""),"MERE") -> MERE | AE68: =IFERROR(__xludf.DUMMYFUNCTION("""COMPUTED_VALUE"""),"PERE") -> PERE | AF68: =IFERROR(__xludf.DUMMYFUNCTION("""COMPUTED_VALUE"""),"FRANCE") -> FRANCE | AG68: =IFERROR(__xludf.DUMMYFUNCTION("""COMPUTED_VALUE"""),"SENEGAL") -> SENEGAL | AH68: =IFERROR(__xludf.DUMMYFUNCTION("""COMPUTED_VALUE"""),"SENEGAL") -> SENEGAL | AI68: =IFERROR(__xludf.DUMMYFUNCTION("""COMPUTED_VALUE"""),"FRANCE") -> FRANCE | AJ68: =IFERROR(__xludf.DUMMYFUNCTION("""COMPUTED_VALUE"""),"U11652") -> U11652 | AK68: =IFERROR(__xludf.DUMMYFUNCTION("""COMPUTED_VALUE"""),"Marié(e)") -> Marié(e) | AL68: =IFERROR(__xludf.DUMMYFUNCTION("""COMPUTED_VALUE"""),"Marié(e)") -> Marié(e) | AM68: =IFERROR(__xludf.DUMMYFUNCTION("""COMPUTED_VALUE"""),"U11652") -> U11652
A69: =IFERROR(__xludf.DUMMYFUNCTION("""COMPUTED_VALUE"""),"BOUSSO Sarah") -> BOUSSO Sarah | B69: =IFERROR(__xludf.DUMMYFUNCTION("""COMPUTED_VALUE"""),"BOUSSO") -> BOUSSO | C69: =IFERROR(__xludf.DUMMYFUNCTION("""COMPUTED_VALUE"""),"Sarah") -> Sarah | D69: =IFERROR(__xludf.DUMMYFUNCTION("""COMPUTED_VALUE"""),"11652S2210") -> 11652S2210 | E69: =IFERROR(__xludf.DUMMYFUNCTION("""COMPUTED_VALUE"""),42155) -> 42155 | F69: =IFERROR(__xludf.DUMMYFUNCTION("""COMPUTED_VALUE"""),"6EME2") -> 6EME2 | G69: =IFERROR(__xludf.DUMMYFUNCTION("""COMPUTED_VALUE"""),"6ème") -> 6ème | H69: =IFERROR(__xludf.DUMMYFUNCTION("""COMPUTED_VALUE"""),"Lycée Français Jacques Prévert de Saly » Collège » 6ème » Générale") -> Lycée Français Jacques Prévert de Saly » Collège » 6ème » Générale | I69: =IFERROR(__xludf.DUMMYFUNCTION("""COMPUTED_VALUE"""),"LVA Anglais") -> LVA Anglais | J69: =IFERROR(__xludf.DUMMYFUNCTION("""COMPUTED_VALUE"""),"LVB Espagnol") -> LVB Espagnol | N69: =IFERROR(__xludf.DUMMYFUNCTION("""COMPUTED_VALUE"""),"Fille") -> Fille | P69: =IFERROR(__xludf.DUMMYFUNCTION("""COMPUTED_VALUE"""),"FRANCE") -> FRANCE | Q69: =IFERROR(__xludf.DUMMYFUNCTION("""COMPUTED_VALUE"""),"SENEGAL") -> SENEGAL | R69: =IFERROR(__xludf.DUMMYFUNCTION("""COMPUTED_VALUE"""),"sarah.bousso@lfjpsaly.org") -> sarah.bousso@lfjpsaly.org | S69: =IFERROR(__xludf.DUMMYFUNCTION("""COMPUTED_VALUE"""),"+221 77 149 84 58") -> +221 77 149 84 58 | T69: =IFERROR(__xludf.DUMMYFUNCTION("""COMPUTED_VALUE"""),"BOUSSO Gaëlle") -> BOUSSO Gaëlle | U69: =IFERROR(__xludf.DUMMYFUNCTION("""COMPUTED_VALUE"""),"BOUSSO Sountou") -> BOUSSO Sountou | V69: =IFERROR(__xludf.DUMMYFUNCTION("""COMPUTED_VALUE"""),"fayegaelle@yahoo.fr") -> fayegaelle@yahoo.fr | W69: =IFERROR(__xludf.DUMMYFUNCTION("""COMPUTED_VALUE"""),"sountou@icloud.com") -> sountou@icloud.com | X69: =IFERROR(__xludf.DUMMYFUNCTION("""COMPUTED_VALUE"""),"+221 78 751 33 30") -> +221 78 751 33 30 | Y69: =IFERROR(__xludf.DUMMYFUNCTION("""COMPUTED_VALUE"""),"+221 77 149 84 58") -> +221 77 149 84 58 | Z69: =IFERROR(__xludf.DUMMYFUNCTION("""COMPUTED_VALUE"""),"+221 78 751 33 30") -> +221 78 751 33 30 | AA69: =IFERROR(__xludf.DUMMYFUNCTION("""COMPUTED_VALUE"""),"+221 77 149 84 58") -> +221 77 149 84 58 | AB69: =IFERROR(__xludf.DUMMYFUNCTION("""COMPUTED_VALUE"""),28378) -> 28378 | AC69: =IFERROR(__xludf.DUMMYFUNCTION("""COMPUTED_VALUE"""),29201) -> 29201 | AD69: =IFERROR(__xludf.DUMMYFUNCTION("""COMPUTED_VALUE"""),"MERE") -> MERE | AE69: =IFERROR(__xludf.DUMMYFUNCTION("""COMPUTED_VALUE"""),"PERE") -> PERE | AF69: =IFERROR(__xludf.DUMMYFUNCTION("""COMPUTED_VALUE"""),"FRANCE") -> FRANCE | AG69: =IFERROR(__xludf.DUMMYFUNCTION("""COMPUTED_VALUE"""),"SENEGAL") -> SENEGAL | AH69: =IFERROR(__xludf.DUMMYFUNCTION("""COMPUTED_VALUE"""),"SENEGAL") -> SENEGAL | AI69: =IFERROR(__xludf.DUMMYFUNCTION("""COMPUTED_VALUE"""),"FRANCE") -> FRANCE | AJ69: =IFERROR(__xludf.DUMMYFUNCTION("""COMPUTED_VALUE"""),"U11652") -> U11652 | AK69: =IFERROR(__xludf.DUMMYFUNCTION("""COMPUTED_VALUE"""),"Marié(e)") -> Marié(e) | AL69: =IFERROR(__xludf.DUMMYFUNCTION("""COMPUTED_VALUE"""),"Marié(e)") -> Marié(e) | AM69: =IFERROR(__xludf.DUMMYFUNCTION("""COMPUTED_VALUE"""),"U11652") -> U11652
A70: =IFERROR(__xludf.DUMMYFUNCTION("""COMPUTED_VALUE"""),"BOUT Lucie Mame Diarra") -> BOUT Lucie Mame Diarra | B70: =IFERROR(__xludf.DUMMYFUNCTION("""COMPUTED_VALUE"""),"BOUT") -> BOUT | C70: =IFERROR(__xludf.DUMMYFUNCTION("""COMPUTED_VALUE"""),"Lucie Mame Diarra") -> Lucie Mame Diarra | D70: =IFERROR(__xludf.DUMMYFUNCTION("""COMPUTED_VALUE"""),"1181E1") -> 1181E1 | E70: =IFERROR(__xludf.DUMMYFUNCTION("""COMPUTED_VALUE"""),44274) -> 44274 | F70: =IFERROR(__xludf.DUMMYFUNCTION("""COMPUTED_VALUE"""),"Mat 2") -> Mat 2 | G70: =IFERROR(__xludf.DUMMYFUNCTION("""COMPUTED_VALUE"""),"MS") -> MS | H70: =IFERROR(__xludf.DUMMYFUNCTION("""COMPUTED_VALUE"""),"Lycée Français Jacques Prévert de Saly » Maternelle » MS » Générale") -> Lycée Français Jacques Prévert de Saly » Maternelle » MS » Générale | N70: =IFERROR(__xludf.DUMMYFUNCTION("""COMPUTED_VALUE"""),"Fille") -> Fille | P70: =IFERROR(__xludf.DUMMYFUNCTION("""COMPUTED_VALUE"""),"FRANCE") -> FRANCE | Q70: =IFERROR(__xludf.DUMMYFUNCTION("""COMPUTED_VALUE"""),"SENEGAL") -> SENEGAL | T70: =IFERROR(__xludf.DUMMYFUNCTION("""COMPUTED_VALUE"""),"KA Mboyo Aly") -> KA Mboyo Aly | U70: =IFERROR(__xludf.DUMMYFUNCTION("""COMPUTED_VALUE"""),"BOUT Sylvain") -> BOUT Sylvain | V70: =IFERROR(__xludf.DUMMYFUNCTION("""COMPUTED_VALUE"""),"bout.mboya@gmail.com") -> bout.mboya@gmail.com | W70: =IFERROR(__xludf.DUMMYFUNCTION("""COMPUTED_VALUE"""),"bout.sylvain@gmail.com") -> bout.sylvain@gmail.com | X70: =IFERROR(__xludf.DUMMYFUNCTION("""COMPUTED_VALUE"""),"+221 77 207 24 23") -> +221 77 207 24 23 | Y70: =IFERROR(__xludf.DUMMYFUNCTION("""COMPUTED_VALUE"""),"778009658") -> 778009658 | Z70: =IFERROR(__xludf.DUMMYFUNCTION("""COMPUTED_VALUE"""),"+221") -> +221 | AB70: =IFERROR(__xludf.DUMMYFUNCTION("""COMPUTED_VALUE"""),31149) -> 31149 | AC70: =IFERROR(__xludf.DUMMYFUNCTION("""COMPUTED_VALUE"""),26528) -> 26528 | AD70: =IFERROR(__xludf.DUMMYFUNCTION("""COMPUTED_VALUE"""),"MERE") -> MERE | AE70: =IFERROR(__xludf.DUMMYFUNCTION("""COMPUTED_VALUE"""),"PERE") -> PERE | AF70: =IFERROR(__xludf.DUMMYFUNCTION("""COMPUTED_VALUE"""),"SENEGAL") -> SENEGAL | AG70: =IFERROR(__xludf.DUMMYFUNCTION("""COMPUTED_VALUE"""),"FRANCE") -> FRANCE | AJ70: =IFERROR(__xludf.DUMMYFUNCTION("""COMPUTED_VALUE"""),"F1181") -> F1181 | AK70: =IFERROR(__xludf.DUMMYFUNCTION("""COMPUTED_VALUE"""),"Marié(e)") -> Marié(e) | AL70: =IFERROR(__xludf.DUMMYFUNCTION("""COMPUTED_VALUE"""),"Marié(e)") -> Marié(e) | AM70: =IFERROR(__xludf.DUMMYFUNCTION("""COMPUTED_VALUE"""),"F1181") -> F1181
A71: =IFERROR(__xludf.DUMMYFUNCTION("""COMPUTED_VALUE"""),"BOUYER Louis Marie") -> BOUYER Louis Marie | B71: =IFERROR(__xludf.DUMMYFUNCTION("""COMPUTED_VALUE"""),"BOUYER") -> BOUYER | C71: =IFERROR(__xludf.DUMMYFUNCTION("""COMPUTED_VALUE"""),"Louis Marie") -> Louis Marie | D71: =IFERROR(__xludf.DUMMYFUNCTION("""COMPUTED_VALUE"""),"1182E1") -> 1182E1 | E71: =IFERROR(__xludf.DUMMYFUNCTION("""COMPUTED_VALUE"""),40692) -> 40692 | F71: =IFERROR(__xludf.DUMMYFUNCTION("""COMPUTED_VALUE"""),"3EME1") -> 3EME1 | G71: =IFERROR(__xludf.DUMMYFUNCTION("""COMPUTED_VALUE"""),"3ème") -> 3ème | H71: =IFERROR(__xludf.DUMMYFUNCTION("""COMPUTED_VALUE"""),"Lycée Français Jacques Prévert de Saly » Collège » 3ème » Générale") -> Lycée Français Jacques Prévert de Saly » Collège » 3ème » Générale | I71: =IFERROR(__xludf.DUMMYFUNCTION("""COMPUTED_VALUE"""),"LVA Anglais") -> LVA Anglais | J71: =IFERROR(__xludf.DUMMYFUNCTION("""COMPUTED_VALUE"""),"LVB Espagnol") -> LVB Espagnol | N71: =IFERROR(__xludf.DUMMYFUNCTION("""COMPUTED_VALUE"""),"Garçon") -> Garçon | P71: =IFERROR(__xludf.DUMMYFUNCTION("""COMPUTED_VALUE"""),"FRANCE") -> FRANCE | R71: =IFERROR(__xludf.DUMMYFUNCTION("""COMPUTED_VALUE"""),"louis.bouyer@lfjpsaly.org") -> louis.bouyer@lfjpsaly.org | S71: =IFERROR(__xludf.DUMMYFUNCTION("""COMPUTED_VALUE"""),"+221 77 679 29 30") -> +221 77 679 29 30 | T71: =IFERROR(__xludf.DUMMYFUNCTION("""COMPUTED_VALUE"""),"BOUYER Philippe") -> BOUYER Philippe | U71: =IFERROR(__xludf.DUMMYFUNCTION("""COMPUTED_VALUE"""),"BOUYER Marie Thérèse") -> BOUYER Marie Thérèse | V71: =IFERROR(__xludf.DUMMYFUNCTION("""COMPUTED_VALUE"""),"dolesandou@gmail.com") -> dolesandou@gmail.com | W71: =IFERROR(__xludf.DUMMYFUNCTION("""COMPUTED_VALUE"""),"immo2ngap@gmail.com") -> immo2ngap@gmail.com | X71: =IFERROR(__xludf.DUMMYFUNCTION("""COMPUTED_VALUE"""),"+221 77 679 29 19") -> +221 77 679 29 19 | Y71: =IFERROR(__xludf.DUMMYFUNCTION("""COMPUTED_VALUE"""),"+221 77 679 29 30") -> +221 77 679 29 30 | Z71: =IFERROR(__xludf.DUMMYFUNCTION("""COMPUTED_VALUE"""),"+221 77 679 29 19") -> +221 77 679 29 19 | AB71: =IFERROR(__xludf.DUMMYFUNCTION("""COMPUTED_VALUE"""),19563) -> 19563 | AC71: =IFERROR(__xludf.DUMMYFUNCTION("""COMPUTED_VALUE"""),31407) -> 31407 | AD71: =IFERROR(__xludf.DUMMYFUNCTION("""COMPUTED_VALUE"""),"PERE") -> PERE | AE71: =IFERROR(__xludf.DUMMYFUNCTION("""COMPUTED_VALUE"""),"MERE") -> MERE | AF71: =IFERROR(__xludf.DUMMYFUNCTION("""COMPUTED_VALUE"""),"FRANCE") -> FRANCE | AG71: =IFERROR(__xludf.DUMMYFUNCTION("""COMPUTED_VALUE"""),"FRANCE") -> FRANCE | AI71: =IFERROR(__xludf.DUMMYFUNCTION("""COMPUTED_VALUE"""),"SENEGAL") -> SENEGAL | AJ71: =IFERROR(__xludf.DUMMYFUNCTION("""COMPUTED_VALUE"""),"F1182") -> F1182 | AK71: =IFERROR(__xludf.DUMMYFUNCTION("""COMPUTED_VALUE"""),"Marié(e)") -> Marié(e) | AL71: =IFERROR(__xludf.DUMMYFUNCTION("""COMPUTED_VALUE"""),"Marié(e)") -> Marié(e) | AM71: =IFERROR(__xludf.DUMMYFUNCTION("""COMPUTED_VALUE"""),"F1182") -> F1182
A72: =IFERROR(__xludf.DUMMYFUNCTION("""COMPUTED_VALUE"""),"BOYER Camille Laurence Nella") -> BOYER Camille Laurence Nella | B72: =IFERROR(__xludf.DUMMYFUNCTION("""COMPUTED_VALUE"""),"BOYER") -> BOYER | C72: =IFERROR(__xludf.DUMMYFUNCTION("""COMPUTED_VALUE"""),"Camille Laurence Nella") -> Camille Laurence Nella | D72: =IFERROR(__xludf.DUMMYFUNCTION("""COMPUTED_VALUE"""),"1641E1") -> 1641E1 | E72: =IFERROR(__xludf.DUMMYFUNCTION("""COMPUTED_VALUE"""),39850) -> 39850 | F72: =IFERROR(__xludf.DUMMYFUNCTION("""COMPUTED_VALUE"""),"1ERE1") -> 1ERE1 | G72: =IFERROR(__xludf.DUMMYFUNCTION("""COMPUTED_VALUE"""),"1ère") -> 1ère | H72: =IFERROR(__xludf.DUMMYFUNCTION("""COMPUTED_VALUE"""),"Lycée Français Jacques Prévert de Saly » Lycée » 1ère » Générale") -> Lycée Français Jacques Prévert de Saly » Lycée » 1ère » Générale | I72: =IFERROR(__xludf.DUMMYFUNCTION("""COMPUTED_VALUE"""),"LVA Anglais") -> LVA Anglais | J72: =IFERROR(__xludf.DUMMYFUNCTION("""COMPUTED_VALUE"""),"LVB Espagnol") -> LVB Espagnol | M72: =IFERROR(__xludf.DUMMYFUNCTION("""COMPUTED_VALUE"""),"SPE LLCE AMC, SPE SES, SPE HGGSP") -> SPE LLCE AMC, SPE SES, SPE HGGSP | N72: =IFERROR(__xludf.DUMMYFUNCTION("""COMPUTED_VALUE"""),"Garçon") -> Garçon | P72: =IFERROR(__xludf.DUMMYFUNCTION("""COMPUTED_VALUE"""),"FRANCE") -> FRANCE | R72: =IFERROR(__xludf.DUMMYFUNCTION("""COMPUTED_VALUE"""),"camille.boyer@lfjpsaly.org") -> camille.boyer@lfjpsaly.org | S72: =IFERROR(__xludf.DUMMYFUNCTION("""COMPUTED_VALUE"""),"+221 77 572 75 51") -> +221 77 572 75 51 | T72: =IFERROR(__xludf.DUMMYFUNCTION("""COMPUTED_VALUE"""),"CUBEDDU BOYER Emmanuelle") -> CUBEDDU BOYER Emmanuelle | U72: =IFERROR(__xludf.DUMMYFUNCTION("""COMPUTED_VALUE"""),"BOYER Alexandre") -> BOYER Alexandre | V72: =IFERROR(__xludf.DUMMYFUNCTION("""COMPUTED_VALUE"""),"emmacub@yahoo.fr") -> emmacub@yahoo.fr | W72: =IFERROR(__xludf.DUMMYFUNCTION("""COMPUTED_VALUE"""),"alexquilondres@yahoo.fr") -> alexquilondres@yahoo.fr | X72: =IFERROR(__xludf.DUMMYFUNCTION("""COMPUTED_VALUE"""),"+221 77 145 06 82") -> +221 77 145 06 82 | Y72: =IFERROR(__xludf.DUMMYFUNCTION("""COMPUTED_VALUE"""),"+221 77 572 75 51") -> +221 77 572 75 51 | Z72: =IFERROR(__xludf.DUMMYFUNCTION("""COMPUTED_VALUE"""),"+221") -> +221 | AA72: =IFERROR(__xludf.DUMMYFUNCTION("""COMPUTED_VALUE"""),"+221") -> +221 | AB72: =IFERROR(__xludf.DUMMYFUNCTION("""COMPUTED_VALUE"""),24822) -> 24822 | AC72: =IFERROR(__xludf.DUMMYFUNCTION("""COMPUTED_VALUE"""),26336) -> 26336 | AD72: =IFERROR(__xludf.DUMMYFUNCTION("""COMPUTED_VALUE"""),"MERE") -> MERE | AE72: =IFERROR(__xludf.DUMMYFUNCTION("""COMPUTED_VALUE"""),"PERE") -> PERE | AF72: =IFERROR(__xludf.DUMMYFUNCTION("""COMPUTED_VALUE"""),"FRANCE") -> FRANCE | AG72: =IFERROR(__xludf.DUMMYFUNCTION("""COMPUTED_VALUE"""),"FRANCE") -> FRANCE | AJ72: =IFERROR(__xludf.DUMMYFUNCTION("""COMPUTED_VALUE"""),"F1641") -> F1641 | AK72: =IFERROR(__xludf.DUMMYFUNCTION("""COMPUTED_VALUE"""),"Marié(e)") -> Marié(e) | AL72: =IFERROR(__xludf.DUMMYFUNCTION("""COMPUTED_VALUE"""),"Marié(e)") -> Marié(e) | AM72: =IFERROR(__xludf.DUMMYFUNCTION("""COMPUTED_VALUE"""),"F1641") -> F1641
